Data Medicao,pressao_atmosferica,temperatura,umidade,velocidade_vento,
2003-02-17,null,null,null,null,
2003-02-18,null,null,78.2,null,
2003-02-19,1008.7,27.4,80.6,2.4,
2003-02-20,1008.3,25.7,88.9,1.2,
2003-02-21,1008.3,25.9,82.8,1.7,
2003-02-22,1008.4,26.9,81.9,1.9,
2003-02-23,1010,26.5,83.8,1.7,
2003-02-24,1010,26.1,85.9,1.8,
2003-02-25,1009.3,25.1,87.9,1.9,
2003-02-26,1008.3,26.6,82.1,2.2,
2003-02-27,1008.8,25.1,89.9,2,
2003-02-28,1009,24.4,93.4,1.6,
2003-03-01,1008,26.5,82,2.3,
2003-03-02,1007.2,27.1,80.3,2.4,
2003-03-03,1007.6,26,86.6,2.2,
2003-03-04,1008.7,26.3,83.1,2.4,
2003-03-05,1007.6,26.4,82.5,2.5,
2003-03-06,1007,27.7,75.7,2.9,
2003-03-07,1008.1,26.8,80.6,2.7,
2003-03-08,1008.5,26.9,80.6,2.2,
2003-03-09,1008.4,26.7,81.3,2.2,
2003-03-10,1008.3,26.5,84.9,1.7,
2003-03-11,1008.2,25,92.1,1.5,
2003-03-12,1007.8,26.2,85,2,
2003-03-13,1007.4,26.9,85.1,1.6,
2003-03-14,1007.5,26.4,87.5,1.7,
2003-03-15,1008.3,25.8,88,1.3,
2003-03-16,1008.8,25.9,83.3,1.6,
2003-03-17,1008.8,24.3,92,1.2,
2003-03-18,1008.3,25.2,88.5,1.1,
2003-03-19,1009.4,24.8,89.4,1.6,
2003-03-20,1009.7,25.2,89,1.2,
2003-03-21,1009.3,24.6,91.4,1.3,
2003-03-22,1008.1,24.4,91.7,1.5,
2003-03-23,1008.9,24.9,90.5,1.2,
2003-03-24,1009.5,26.2,79.8,2.2,
2003-03-25,1008.4,26.5,82.5,2,
2003-03-26,1007.7,25.7,87.1,2.1,
2003-03-27,1008,27.1,82.1,1.9,
2003-03-28,1008.9,27.5,80.9,2.2,
2003-03-29,1008.6,24.8,92.9,.9,
2003-03-30,1007.5,25.5,88.1,1.6,
2003-03-31,1007.2,26.7,83.6,2,
2003-04-01,1009,24.9,91.5,1.8,
2003-04-02,1009.1,25,91.5,1.7,
2003-04-03,1007.6,26.8,77,2.4,
2003-04-04,1007.2,27.2,81.6,2.1,
2003-04-05,1008.6,25.3,89.8,1.1,
2003-04-06,1008.3,24.9,89.7,1,
2003-04-07,1007,26.4,83.3,1.6,
2003-04-08,1007.1,26.8,83.2,1.8,
2003-04-09,1008,26.3,85.6,1.6,
2003-04-10,1009.4,24.6,92.8,1.8,
2003-04-11,1009.3,26,83.2,2.6,
2003-04-12,1009.5,26.6,84.5,1.8,
2003-04-13,1010.9,27,82.8,1.8,
2003-04-14,1010.4,26.9,80.7,2.1,
2003-04-15,1008.9,27.5,76.2,2.2,
2003-04-16,1008.6,27.3,78.1,1.8,
2003-04-17,1009.1,27.1,78.9,1.9,
2003-04-18,1008.9,26.4,85.9,1.3,
2003-04-19,1009.1,25.1,91.4,1.4,
2003-04-20,1008,25.8,85.5,1.8,
2003-04-21,1007.2,26.5,82.3,2.3,
2003-04-22,1007.8,25.9,83.9,2.5,
2003-04-23,1008,26.1,83.3,2.1,
2003-04-24,1008.3,26.4,83.9,2,
2003-04-25,1008.5,26.8,82.2,2.2,
2003-04-26,1010.1,25.9,84.2,2.1,
2003-04-27,1009.9,26.3,86.1,1.8,
2003-04-28,1008.9,26.8,82.5,2.1,
2003-04-29,1009.5,25.7,88.8,1.4,
2003-04-30,1009.7,26.4,86.4,2.2,
2003-05-01,1010.2,25,90.4,1.8,
2003-05-02,1009.3,24.8,91.2,1.2,
2003-05-03,1008.6,26.5,82.6,1.3,
2003-05-04,1008.8,27,82.6,1.6,
2003-05-05,1009.4,24.9,91.3,1.7,
2003-05-06,1008.8,26.4,82.4,2.1,
2003-05-07,1007.9,26.5,81.3,2.2,
2003-05-08,1008.5,26.8,79.1,2.2,
2003-05-09,1009.7,26.5,82.3,1.6,
2003-05-10,1010.4,26.4,83.7,2,
2003-05-11,1010.3,26.8,82.5,2.3,
2003-05-12,1010.5,26.7,79.9,2,
2003-05-13,1009.7,27,80.6,2.1,
2003-05-14,1009.2,null,81.7,2.6,
2003-05-15,1008.9,null,84.4,2.7,
2003-05-16,1008.3,null,77.9,2.9,
2003-05-17,1007.4,27.2,76.3,2.7,
2003-05-18,null,null,71.3,null,
2003-05-19,null,null,73.8,null,
2003-05-20,null,null,74.3,null,
2003-05-21,null,null,74.9,null,
2003-05-22,1009.3,null,76.3,2.6,
2003-05-23,null,null,72.4,null,
2003-05-24,null,null,75.3,null,
2003-05-25,null,null,70.6,null,
2003-05-26,null,null,73.9,null,
2003-05-27,null,null,73.1,null,
2003-05-28,null,null,71.2,null,
2003-05-29,null,null,78.2,null,
2003-05-30,null,null,77.3,null,
2003-05-31,null,null,null,null,
2003-06-01,null,null,null,null,
2003-06-02,null,null,null,null,
2003-06-03,null,null,null,null,
2003-06-04,null,null,null,null,
2003-06-05,null,null,null,null,
2003-06-06,null,null,null,null,
2003-06-07,null,null,null,null,
2003-06-08,null,null,null,null,
2003-06-09,null,null,null,null,
2003-06-10,null,null,null,null,
2003-06-11,null,null,75.7,null,
2003-06-12,null,null,null,null,
2003-06-13,null,null,null,null,
2003-06-14,null,null,null,null,
2003-06-15,null,null,null,null,
2003-06-16,null,null,87.2,null,
2003-06-17,null,null,null,null,
2003-06-18,null,null,null,null,
2003-06-19,null,null,null,null,
2003-06-20,null,null,null,null,
2003-06-21,null,null,null,null,
2003-06-22,null,null,null,null,
2003-06-23,null,null,null,null,
2003-06-24,null,null,null,null,
2003-06-25,null,null,null,null,
2003-06-26,null,null,null,null,
2003-06-27,null,null,null,null,
2003-06-28,null,null,null,null,
2003-06-29,null,null,null,null,
2003-06-30,null,null,null,null,
2003-07-01,null,null,null,null,
2003-07-02,null,null,null,null,
2003-07-03,null,null,null,null,
2003-07-04,null,null,null,null,
2003-07-05,null,null,null,null,
2003-07-06,null,null,null,null,
2003-07-07,null,null,null,null,
2003-07-08,null,null,null,null,
2003-07-09,null,null,null,null,
2003-07-10,null,null,null,null,
2003-07-11,null,null,null,null,
2003-07-12,null,null,null,null,
2003-07-13,null,null,null,null,
2003-07-14,null,null,null,null,
2003-07-15,null,null,null,null,
2003-07-16,null,null,null,null,
2003-07-17,null,null,null,null,
2003-07-18,null,null,null,null,
2003-07-19,null,null,null,null,
2003-07-20,null,null,null,null,
2003-07-21,null,null,null,null,
2003-07-22,null,null,null,null,
2003-07-23,null,null,null,null,
2003-07-24,null,null,null,null,
2003-07-25,null,null,null,null,
2003-07-26,null,null,null,null,
2003-07-27,null,null,null,null,
2003-07-28,null,null,null,null,
2003-07-29,null,null,null,null,
2003-07-30,null,null,null,null,
2003-07-31,null,null,null,null,
2003-08-01,null,null,null,null,
2003-08-02,null,null,null,null,
2003-08-03,null,null,null,null,
2003-08-04,null,null,null,null,
2003-08-05,null,null,null,null,
2003-08-06,null,null,null,null,
2003-08-07,null,null,null,null,
2003-08-08,null,null,null,null,
2003-08-09,null,null,null,null,
2003-08-10,null,null,null,null,
2003-08-11,null,null,null,null,
2003-08-12,null,null,null,null,
2003-08-13,null,null,62.7,null,
2003-08-14,null,null,64.8,null,
2003-08-15,null,null,66.4,null,
2003-08-16,null,null,68.5,null,
2003-08-17,null,null,82.1,null,
2003-08-18,1012.6,null,75.9,3.7,
2003-08-19,null,null,55,null,
2003-08-20,null,null,56.7,null,
2003-08-21,null,null,62.9,null,
2003-08-22,null,null,63.3,null,
2003-08-23,null,null,65.5,null,
2003-08-24,null,null,61.9,null,
2003-08-25,null,null,67.1,null,
2003-08-26,null,null,66.6,null,
2003-08-27,null,null,70.8,null,
2003-08-28,1011.5,27.1,73.1,3.4,
2003-08-29,1011.6,26.3,71.6,2.9,
2003-08-30,1012.7,26.3,71.8,2.9,
2003-08-31,1012.4,26.9,69.4,3.4,
2003-09-01,1012.3,26.7,68.3,3.5,
2003-09-02,1012.7,27,65,3.9,
2003-09-03,1012.3,27,66.7,3,
2003-09-04,1012.4,27.1,70.1,3.4,
2003-09-05,1012.1,27.2,68.5,4.2,
2003-09-06,1010.8,27.3,65.6,4.1,
2003-09-07,1010.7,27,65.6,4.4,
2003-09-08,1011.2,26.8,67.9,4.2,
2003-09-09,1011.5,27.1,65.7,4.1,
2003-09-10,1011,26.8,66.6,3.9,
2003-09-11,1010.5,26.8,67.9,4,
2003-09-12,1011.8,27.3,67.5,3.8,
2003-09-13,1012,27.2,70.9,3.4,
2003-09-14,1011.3,27,74.2,3.4,
2003-09-15,1010.3,27.1,70,4.2,
2003-09-16,1010.5,27.3,65.6,4.4,
2003-09-17,1010.6,27.1,66.1,3.7,
2003-09-18,1009.8,26.7,73.8,3.5,
2003-09-19,1009.2,27.4,66.3,4.1,
2003-09-20,1009.9,27.3,65.8,4.3,
2003-09-21,1010.5,26.9,64.8,4.3,
2003-09-22,1009.4,27,67.5,3.4,
2003-09-23,1009.2,27.3,62.1,4.1,
2003-09-24,1009.3,27,67.8,3.9,
2003-09-25,1009,27.2,71,4,
2003-09-26,1008.9,27.4,70.8,3.9,
2003-09-27,1008.1,27.4,69.3,3.5,
2003-09-28,1008.1,27.4,69.5,3.5,
2003-09-29,1009.5,27.6,69.4,3.8,
2003-09-30,1009.7,27.8,69.1,3.9,
2003-10-01,1009.2,27.7,65.3,4.1,
2003-10-02,1009.1,27.5,67.5,4.6,
2003-10-03,1009.9,27.6,65.4,4.2,
2003-10-04,1010.1,27.1,68.6,3.5,
2003-10-05,1008.7,27.3,65.5,4.2,
2003-10-06,1008.4,27.5,66.2,4.4,
2003-10-07,1009.2,27.6,66.4,4.4,
2003-10-08,1008.8,27.4,68.4,4.5,
2003-10-09,1008.9,27.2,67.4,4.4,
2003-10-10,1008.5,27.5,66.3,4.4,
2003-10-11,1008.4,27.8,65,4,
2003-10-12,1008.2,27.8,68.9,4.4,
2003-10-13,1008.6,27.4,69.8,3.8,
2003-10-14,1008.6,27.4,68.6,3.7,
2003-10-15,1009.5,27.6,66.4,4.1,
2003-10-16,1010,27.5,65.8,4.4,
2003-10-17,1009.6,27.2,71.5,4,
2003-10-18,1009.4,27.4,67.3,3.7,
2003-10-19,1009.6,27.8,66,4.9,
2003-10-20,1009.4,27.7,64.3,4.7,
2003-10-21,1008.5,27.8,66.3,4.5,
2003-10-22,1008.6,28.1,64.3,4.1,
2003-10-23,1009.8,27.5,72,3.6,
2003-10-24,1010.2,27.8,70,3.3,
2003-10-25,1009.4,27.7,67.9,4.3,
2003-10-26,1007.3,27.4,63.7,4.5,
2003-10-27,1007.3,27.5,64.7,4.4,
2003-10-28,1008.7,27.4,68.3,3.6,
2003-10-29,1008.6,27.7,70.5,3.8,
2003-10-30,1007.7,27.9,68.9,4.4,
2003-10-31,1007.1,27.7,70.8,4.3,
2003-11-01,1008,27.2,70.8,3.5,
2003-11-02,1007.9,27.5,69.1,3.2,
2003-11-03,1007.3,27.4,68.7,3.1,
2003-11-04,1007.7,27.6,70.3,2.8,
2003-11-05,1008.4,27.2,72.5,2.4,
2003-11-06,1008.4,27.5,72.4,3.2,
2003-11-07,1007.3,27.6,69.9,3.5,
2003-11-08,1008.4,27.9,67,3.6,
2003-11-09,1008.4,27.8,69.7,3.3,
2003-11-10,1007.9,27.6,66,4.1,
2003-11-11,1007.6,28.1,64.8,4.5,
2003-11-12,1008.9,27.1,74.7,3.8,
2003-11-13,1010,27.3,74.1,3.6,
2003-11-14,1009.2,27.4,68,3.2,
2003-11-15,1008.2,27.7,72.2,3.6,
2003-11-16,1008.1,28.2,66.9,4.3,
2003-11-17,1007.3,28.3,69,3.9,
2003-11-18,1007,27.8,71.4,3.7,
2003-11-19,1006.9,28.1,67,3.7,
2003-11-20,1008,27.9,70.3,3.5,
2003-11-21,1008.2,28.2,69.6,4.3,
2003-11-22,1007.2,28,68.2,4.3,
2003-11-23,1007,28.1,65.2,4.4,
2003-11-24,1007.4,27.8,67,4.2,
2003-11-25,1008.6,28.2,68.7,4.3,
2003-11-26,1009.4,28.2,69.8,4.4,
2003-11-27,1008.2,27.9,67.8,3.9,
2003-11-28,1006.7,27.5,69.1,3.1,
2003-11-29,1006,27.9,69.1,3.5,
2003-11-30,1006.8,27.9,70.2,3.9,
2003-12-01,null,null,null,null,
2003-12-02,null,null,null,null,
2003-12-03,null,null,null,null,
2003-12-04,null,null,null,null,
2003-12-05,null,null,null,null,
2003-12-06,null,null,null,null,
2003-12-07,null,null,null,null,
2003-12-08,null,null,null,null,
2003-12-09,null,null,null,null,
2003-12-10,null,null,null,null,
2003-12-11,1009.2,27.5,75.4,2.9,
2003-12-12,1008.4,27.9,70,3.5,
2003-12-13,1007.9,27.4,74.2,3.2,
2003-12-14,1008.4,27.3,74.5,3.1,
2003-12-15,1009.1,27.5,73.4,3,
2003-12-16,1009.4,27.9,69.8,3,
2003-12-17,1008.9,27.4,70,2.5,
2003-12-18,1009.3,27.6,69.5,2.9,
2003-12-19,1010.1,28.2,67.5,3.9,
2003-12-20,1010.6,28.4,65.6,3.7,
2003-12-21,1009.8,27.9,72.1,3.2,
2003-12-22,1008.8,27.6,70.6,2.8,
2003-12-23,1008.1,27.9,70.4,3,
2003-12-24,1007.9,28.2,69.9,3.2,
2003-12-25,1008.2,28.5,70.3,3.4,
2003-12-26,1007.3,28,70.9,3.6,
2003-12-27,1006.7,28.1,69.1,3.5,
2003-12-28,1006,28,74.9,3.5,
2003-12-29,1006.7,27.7,75.3,3.4,
2003-12-30,1006.8,27.9,72.9,3.6,
2003-12-31,1007.5,28.5,68.7,4.6,
2004-01-01,1008.5,28.3,69.8,3.7,
2004-01-02,1007.9,27.6,74.8,2.4,
2004-01-03,1006.5,27.8,77.8,3.2,
2004-01-04,1006,28.2,73,3.9,
2004-01-05,1006.3,28.5,67.3,4,
2004-01-06,1006.9,28.4,69.7,3.6,
2004-01-07,1007,28.2,71.9,3.1,
2004-01-08,1006.5,28.4,71.8,2.9,
2004-01-09,1006.6,28.5,72.9,3.7,
2004-01-10,1006.7,27.5,76.5,2.6,
2004-01-11,1007.4,28.2,73.8,2,
2004-01-12,1008.9,26.7,84,1.9,
2004-01-13,1008.2,27.3,82.1,2.1,
2004-01-14,1007.6,27.2,82.9,1.8,
2004-01-15,1008,26.3,81.5,1.8,
2004-01-16,1005.9,27.5,80.7,2.4,
2004-01-17,1006,27.3,81.5,2,
2004-01-18,1008.8,26.7,76.7,2.2,
2004-01-19,1007.9,26.8,79.9,1.6,
2004-01-20,1007.9,25.8,83.3,1.5,
2004-01-21,1007.8,25.7,84.9,1.4,
2004-01-22,1006.8,25.3,89.5,1.1,
2004-01-23,1006.1,25.1,89.5,1.5,
2004-01-24,1008,25.3,84.5,2,
2004-01-25,1008.3,25.2,84,2.2,
2004-01-26,1007.5,25,87.3,1.8,
2004-01-27,1008,23.8,92.3,2.3,
2004-01-28,1008.4,24.6,87.7,1.8,
2004-01-29,1008.7,24.5,88.1,1.5,
2004-01-30,1008.5,25.9,82.7,2.2,
2004-01-31,1008.7,26.2,81.5,1.7,
2004-02-01,1009.2,26.3,81.4,1.6,
2004-02-02,1008.1,26.4,82.9,2,
2004-02-03,1007.1,26.6,81.5,2.1,
2004-02-04,1007.5,25.4,85.9,2.1,
2004-02-05,1007.2,25.3,86.8,1.7,
2004-02-06,1006.9,25.8,83,2.1,
2004-02-07,1006.5,26.3,81.7,2.1,
2004-02-08,1008.3,24.9,89.9,1.6,
2004-02-09,1009.1,25.9,85,1.7,
2004-02-10,1007.9,26.8,78.9,2.2,
2004-02-11,1007.6,27.5,73.8,2.7,
2004-02-12,1008.5,27.6,77,2.5,
2004-02-13,1009.4,25.8,84.2,1.8,
2004-02-14,1008.8,26.3,82,2.9,
2004-02-15,1007.7,26,84.6,2.6,
2004-02-16,1008.8,25,87.7,1.9,
2004-02-17,1008.6,26.1,83.5,2,
2004-02-18,1008.1,27.2,77.7,2.6,
2004-02-19,1007,27.4,76.5,2.4,
2004-02-20,1006.6,26.4,85.1,1.7,
2004-02-21,1007.9,27.1,80.9,2.7,
2004-02-22,1008.8,27.5,74.2,2.5,
2004-02-23,1008.6,26.8,81.2,1.9,
2004-02-24,1008.6,25.8,84.3,1.7,
2004-02-25,1008,26.8,81.2,2.3,
2004-02-26,1009.2,25.8,85.7,1.8,
2004-02-27,1009.2,26.2,83.2,1.6,
2004-02-28,1007.5,26,86.3,1.6,
2004-02-29,1007.5,24.9,91.7,1.5,
2004-03-01,1007.6,26.9,81,2.4,
2004-03-02,1007.4,27.3,79.2,2.1,
2004-03-03,1007.9,26.8,80.6,1.9,
2004-03-04,1008.1,26.2,83,1.4,
2004-03-05,1008.5,27,78.7,2.4,
2004-03-06,1008.3,25.5,87.2,1.8,
2004-03-07,1008.7,24.1,93.8,2,
2004-03-08,1009.5,25,86.4,1.9,
2004-03-09,1009.4,26.4,79.1,2.9,
2004-03-10,1009.9,26.5,82.7,2.4,
2004-03-11,1008.4,25.9,86.8,1.5,
2004-03-12,1007.2,27.1,81.3,2.2,
2004-03-13,1007.7,27.5,78.8,2.5,
2004-03-14,1007.8,27.5,78.1,2.5,
2004-03-15,1007.3,26.7,82.5,2.1,
2004-03-16,1006.7,25.5,89.1,1.5,
2004-03-17,1005.6,27.2,81.7,2.5,
2004-03-18,1006.1,27.4,79.2,2.3,
2004-03-19,1006.5,27.6,77.2,2.6,
2004-03-20,1006.2,27.7,74.9,3.1,
2004-03-21,1006,27.8,74.8,3.1,
2004-03-22,1006.3,27,83.5,2.2,
2004-03-23,1006.9,26.5,84.6,2.4,
2004-03-24,1006.8,27.2,79.8,2.6,
2004-03-25,1006.4,27.7,77.1,3,
2004-03-26,1006.2,27,80.6,2.6,
2004-03-27,1005.8,26.5,79.5,2.5,
2004-03-28,1006,27,77.9,2.8,
2004-03-29,1007.4,27.9,71.2,2.8,
2004-03-30,1009,27.9,74.7,2.3,
2004-03-31,1009.3,27.9,78.4,2.4,
2004-04-01,1009.3,26.9,82.9,1.8,
2004-04-02,1008.8,27.8,77.9,2.7,
2004-04-03,1008.6,27.7,76.4,2.7,
2004-04-04,1009.5,27.2,81.5,2.5,
2004-04-05,1008.9,27.6,78.8,2.9,
2004-04-06,1008,26.9,82.2,2.3,
2004-04-07,1007.3,27.6,78.7,2.6,
2004-04-08,1008.6,27.5,81.3,2.4,
2004-04-09,1008.7,26.8,81.6,2.1,
2004-04-10,1006.3,27.3,79.2,2.2,
2004-04-11,1004.5,27.5,76.9,2.4,
2004-04-12,1005.2,27.7,76.4,2.7,
2004-04-13,1007.8,27.3,71.3,3,
2004-04-14,1008.2,26.8,77.4,1.9,
2004-04-15,1007.6,27.2,78.2,1.9,
2004-04-16,1007.9,27.5,78.4,2.3,
2004-04-17,1009.2,27.5,76.7,2.7,
2004-04-18,1009.2,27.4,79.3,2.6,
2004-04-19,1008.3,27.1,79.9,2.8,
2004-04-20,1007.8,27.5,76.8,2.4,
2004-04-21,1007.6,27.6,79.7,2.6,
2004-04-22,1007.2,26.6,81.8,2.6,
2004-04-23,1006,26.3,81.2,2.2,
2004-04-24,1005.4,26.9,79.5,2.2,
2004-04-25,1007.6,25.2,89.7,1.6,
2004-04-26,1008.8,25,88.1,1.3,
2004-04-27,1009.7,26.6,83.1,2,
2004-04-28,1010.3,26.7,81.4,2,
2004-04-29,1009.2,26.8,78.1,2.1,
2004-04-30,1008,27,75.9,2.6,
2004-05-01,1007.6,27,76.3,3.4,
2004-05-02,1007.1,27.2,74.8,3,
2004-05-03,1007.9,26.1,76.3,2,
2004-05-04,1007.9,25.9,82.6,1.7,
2004-05-05,1009.1,26.2,83.9,2.4,
2004-05-06,1009.2,27.1,79,2.7,
2004-05-07,1009.4,27.4,78.1,3.1,
2004-05-08,1009.4,27,80.9,2.5,
2004-05-09,1008.7,27.3,80.3,2.2,
2004-05-10,1008.4,27.5,78.7,2.3,
2004-05-11,1008.7,27.1,79.1,2.4,
2004-05-12,1009.1,26.9,78.8,2.2,
2004-05-13,1008.5,27,78.7,2.3,
2004-05-14,1007.4,27.1,78,2.4,
2004-05-15,1007.6,27.4,75.6,2.5,
2004-05-16,1007.5,null,73.4,2.7,
2004-05-17,null,null,72.3,null,
2004-05-18,null,null,null,null,
2004-05-19,null,null,70.9,null,
2004-05-20,null,null,74,null,
2004-05-21,null,null,68.9,null,
2004-05-22,null,null,68.9,null,
2004-05-23,null,null,64.9,null,
2004-05-24,null,null,null,null,
2004-05-25,null,null,70.8,null,
2004-05-26,null,null,65.2,null,
2004-05-27,null,null,72,null,
2004-05-28,null,null,75.5,null,
2004-05-29,null,null,69.2,null,
2004-05-30,null,null,64.2,null,
2004-05-31,null,null,70.1,null,
2004-06-01,null,null,78.9,null,
2004-06-02,1011.1,null,74.4,2.7,
2004-06-03,null,null,null,null,
2004-06-04,null,null,67.6,null,
2004-06-05,null,null,79.9,null,
2004-06-06,1010.6,null,81.9,2.5,
2004-06-07,null,null,68.6,null,
2004-06-08,null,null,null,null,
2004-06-09,null,null,null,null,
2004-06-10,null,null,67.4,null,
2004-06-11,null,null,null,null,
2004-06-12,null,null,75.2,null,
2004-06-13,1012.1,26.3,74.8,2.3,
2004-06-14,null,null,null,null,
2004-06-15,null,null,null,null,
2004-06-16,null,null,null,null,
2004-06-17,null,null,null,null,
2004-06-18,null,null,null,null,
2004-06-19,null,null,null,null,
2004-06-20,null,null,null,null,
2004-06-21,null,null,null,null,
2004-06-22,null,null,null,null,
2004-06-23,null,null,null,null,
2004-06-24,null,null,null,null,
2004-06-25,null,null,null,null,
2004-06-26,null,null,null,null,
2004-06-27,null,null,null,null,
2004-06-28,null,null,null,null,
2004-06-29,null,null,75.8,null,
2004-06-30,null,null,null,null,
2004-07-01,null,null,null,null,
2004-07-02,null,null,null,null,
2004-07-03,null,null,null,null,
2004-07-04,null,null,null,null,
2004-07-05,null,null,null,null,
2004-07-06,null,null,null,null,
2004-07-07,null,null,null,null,
2004-07-08,null,null,null,null,
2004-07-09,null,null,null,null,
2004-07-10,null,null,null,null,
2004-07-11,null,null,null,null,
2004-07-12,null,null,null,null,
2004-07-13,null,null,null,null,
2004-07-14,null,null,null,null,
2004-07-15,null,null,null,null,
2004-07-16,null,null,null,null,
2004-07-17,1011.2,null,84.9,2.1,
2004-07-18,1011.3,null,78.4,2.7,
2004-07-19,null,null,69.1,null,
2004-07-20,null,null,69.5,null,
2004-07-21,null,null,70.3,null,
2004-07-22,null,null,null,null,
2004-07-23,null,null,null,null,
2004-07-24,null,null,null,null,
2004-07-25,null,null,null,null,
2004-07-26,null,null,null,null,
2004-07-27,null,null,63.8,null,
2004-07-28,null,null,null,null,
2004-07-29,null,null,63.3,null,
2004-07-30,null,null,null,null,
2004-07-31,null,null,null,null,
2004-08-01,null,null,null,null,
2004-08-02,null,null,null,null,
2004-08-03,null,null,null,null,
2004-08-04,null,null,null,null,
2004-08-05,null,null,null,null,
2004-08-06,null,null,null,null,
2004-08-07,null,null,null,null,
2004-08-08,null,null,null,null,
2004-08-09,null,null,null,null,
2004-08-10,null,null,59.5,null,
2004-08-11,null,null,63.5,null,
2004-08-12,null,null,61.8,null,
2004-08-13,null,null,null,null,
2004-08-14,null,null,null,null,
2004-08-15,null,null,67,null,
2004-08-16,null,null,71.7,null,
2004-08-17,null,null,null,null,
2004-08-18,null,null,null,null,
2004-08-19,null,null,67.6,null,
2004-08-20,null,null,null,null,
2004-08-21,null,null,null,null,
2004-08-22,null,null,null,null,
2004-08-23,null,null,62.8,null,
2004-08-24,null,null,66.1,null,
2004-08-25,null,null,65.4,null,
2004-08-26,null,null,69.1,null,
2004-08-27,1010,26.8,68.8,3.9,
2004-08-28,1010.3,26.9,70.4,3.2,
2004-08-29,1010.1,26.1,75.3,2.5,
2004-08-30,1010.5,26.6,73.7,2.6,
2004-08-31,1011.1,27,68.8,3.8,
2004-09-01,1011.8,27.2,64.5,4.1,
2004-09-02,1011.4,27.5,67.3,4.7,
2004-09-03,1011.3,26.8,66,3.7,
2004-09-04,1010.1,26.8,64.9,3.2,
2004-09-05,1009,26.9,66.4,3.6,
2004-09-06,1008.1,27,66.3,3.4,
2004-09-07,1007.3,27.2,67.5,3.1,
2004-09-08,1007.2,26.6,64.4,3.8,
2004-09-09,1008.6,26.9,65.7,4.2,
2004-09-10,1009.4,26.9,69.1,4,
2004-09-11,1009.5,26.8,72,3.9,
2004-09-12,1011.3,26.7,72.2,3.9,
2004-09-13,1012,27.2,66.3,4.6,
2004-09-14,1012.1,27.2,64.3,4.3,
2004-09-15,1012,26.7,67.8,3.8,
2004-09-16,1010.3,26.9,64.6,3.5,
2004-09-17,1010.8,27.3,67.4,3.6,
2004-09-18,1010.4,27.4,67.7,3.6,
2004-09-19,1009.8,27.2,66.9,3.5,
2004-09-20,1009.9,27.4,64.5,3.9,
2004-09-21,1010.6,27.3,66.7,4.3,
2004-09-22,1012.2,26.3,75.5,3.7,
2004-09-23,1012.1,26.5,69.6,3.4,
2004-09-24,1011,26.7,73.7,3.9,
2004-09-25,1010.5,26.7,70.7,3.8,
2004-09-26,1010.8,26.7,71.9,3.8,
2004-09-27,1010.3,27,68.4,3.8,
2004-09-28,1009.6,26.9,67.4,3.9,
2004-09-29,1009.2,26.9,69.3,3.7,
2004-09-30,1008.4,26.7,69.3,3.6,
2004-10-01,1009.1,26.9,67.5,4.4,
2004-10-02,1008.8,27.1,68,4.1,
2004-10-03,1008.7,27.1,67.8,4.1,
2004-10-04,1008.9,27.1,70.1,3.9,
2004-10-05,1008.9,26.6,71.9,3.8,
2004-10-06,1009.7,26.7,71,3.1,
2004-10-07,1009.4,26.8,72.8,2.9,
2004-10-08,1009.7,27.4,65.8,3.8,
2004-10-09,1010.3,27.2,69.4,3.8,
2004-10-10,1010.4,27.2,70.6,3.5,
2004-10-11,1009.6,27.4,66.4,3.9,
2004-10-12,1008.9,27.2,65.6,4.3,
2004-10-13,1008.6,27.4,65.5,4.3,
2004-10-14,1008.8,27.4,68.4,4,
2004-10-15,1009.1,27.3,67.6,4.4,
2004-10-16,1008.8,27.3,66.3,4,
2004-10-17,1008.1,27.2,68.8,3.9,
2004-10-18,1008.7,27.5,70.4,4.3,
2004-10-19,1009,27.5,68.6,4.4,
2004-10-20,1009.8,27.3,68.1,3.9,
2004-10-21,1009.5,27.2,69.5,3.2,
2004-10-22,1008.7,27,71.5,3.4,
2004-10-23,1007.8,27.8,68.3,4.4,
2004-10-24,1007.7,27.5,69.5,4,
2004-10-25,1008.2,27.3,68.5,3.5,
2004-10-26,1008.1,27,70,3.3,
2004-10-27,1009.6,27.1,72.2,2.9,
2004-10-28,1009.8,27.8,67.9,4,
2004-10-29,1008.9,27.6,66.3,4.5,
2004-10-30,1009.3,27.8,66.3,4.6,
2004-10-31,1009.4,27.9,65.4,4.2,
2004-11-01,1009.5,27.6,68,4.1,
2004-11-02,1007.9,27.3,66.8,4.4,
2004-11-03,1008.1,27.5,63.5,4.5,
2004-11-04,1008.3,27.6,64,4.9,
2004-11-05,1008.4,27.5,67.7,4,
2004-11-06,1007.9,27.1,69.3,3.1,
2004-11-07,1007.5,27.8,70,3.6,
2004-11-08,1007.7,27.7,67.1,4.3,
2004-11-09,1007.9,27.7,64.3,4.6,
2004-11-10,1008.1,27.6,65,4.3,
2004-11-11,1007.8,27.6,70.3,3.7,
2004-11-12,1007.2,27.3,69.3,3.3,
2004-11-13,1006.8,27.5,72.6,3.7,
2004-11-14,1007.2,28,66.9,4.2,
2004-11-15,1008.1,27.7,62.5,4.9,
2004-11-16,1009.3,26.8,63.8,3.5,
2004-11-17,1009.8,26.8,72.8,3,
2004-11-18,1009.4,27.9,69.3,3.7,
2004-11-19,1009,28,68.7,3.3,
2004-11-20,null,null,74,null,
2004-11-21,1009.3,null,69.2,2.6,
2004-11-22,1009.3,27.7,69.8,3.3,
2004-11-23,1009.3,27.7,66.9,3.5,
2004-11-24,1009,27.3,69.9,3.2,
2004-11-25,1008.2,28,65,3.9,
2004-11-26,1007.5,27.2,70.4,3,
2004-11-27,1007.8,27,71.3,2.9,
2004-11-28,1007.7,27.5,69.5,3.2,
2004-11-29,1007.8,28,68.6,3.7,
2004-11-30,1007.6,27.7,70.2,3.6,
2004-12-01,1007.1,27.1,69.2,2.9,
2004-12-02,1007.2,27.7,69.3,3.2,
2004-12-03,1008,28.2,68,4,
2004-12-04,1009.4,28.2,68.3,4.1,
2004-12-05,1008.6,27.9,66.9,3.6,
2004-12-06,1007.7,27.1,75.5,3.3,
2004-12-07,1008,27.7,70.4,3.7,
2004-12-08,1008.7,27.7,68.3,3.4,
2004-12-09,1007.8,27.6,69,3.5,
2004-12-10,1007.5,27.4,67.8,3.2,
2004-12-11,1007.8,27.1,70.4,2.3,
2004-12-12,1008,27.6,71.4,2.9,
2004-12-13,1009.1,27.7,67.9,3.6,
2004-12-14,1009,27.5,70.1,3.8,
2004-12-15,1008.5,27.8,64.8,3.6,
2004-12-16,1007.5,27.5,66.5,3.3,
2004-12-17,1007.5,27.2,68.8,3.2,
2004-12-18,1008.2,28,69.1,4,
2004-12-19,1009.3,28,70.6,3.9,
2004-12-20,1009.2,28.5,67.9,3.7,
2004-12-21,1007.8,27.9,69.6,3.3,
2004-12-22,1006.8,27.9,68,3.5,
2004-12-23,1006.9,27.7,66.6,3.3,
2004-12-24,1006.5,27.8,68.2,3.2,
2004-12-25,1007.8,27.4,74.1,3.2,
2004-12-26,1007.8,27.9,69,3.8,
2004-12-27,1007,27.8,67.9,3.1,
2004-12-28,1008,27.7,67.9,2.9,
2004-12-29,1010.2,27,72.7,2,
2004-12-30,1009.9,27.6,74.3,3.1,
2004-12-31,1009.2,27.5,67.8,3.2,
2005-01-01,1008.8,27.5,67.2,3.1,
2005-01-02,1009.8,27.8,66.7,3.5,
2005-01-03,1009.4,27.8,68.9,3.4,
2005-01-04,1008.5,28.4,65.2,4.8,
2005-01-05,1008.1,27.9,66.6,3.4,
2005-01-06,1007.3,28.1,67.6,4,
2005-01-07,1007.5,28,65.6,3.8,
2005-01-08,1007.3,28,71.1,3.3,
2005-01-09,1007,28.1,71.7,2.8,
2005-01-10,1007.2,28.2,70.2,3,
2005-01-11,1007.7,28.3,68.9,3.6,
2005-01-12,1007.9,27.7,73.5,2.5,
2005-01-13,1007.3,27.8,75.5,2.3,
2005-01-14,1006.6,28.5,73.2,2.9,
2005-01-15,1006.3,28.3,71.7,3.3,
2005-01-16,1005.8,28.3,73.3,2.9,
2005-01-17,1005.6,27.7,72.3,2.6,
2005-01-18,1005.5,27.4,73.4,2.5,
2005-01-19,1006.4,28.8,68.3,4.1,
2005-01-20,1008.1,27.2,75.8,2.4,
2005-01-21,1008.2,28.1,74.6,3,
2005-01-22,1008.3,28.1,75,2.7,
2005-01-23,1008.2,28.8,71.4,2.1,
2005-01-24,1007.6,28,75.9,1.8,
2005-01-25,1007.7,27.2,78.7,2.2,
2005-01-26,1009.1,28.6,72,2.2,
2005-01-27,1008.4,28.3,73.5,2.7,
2005-01-28,1007.7,28.4,69,2.9,
2005-01-29,1005.8,28.7,67.4,3.3,
2005-01-30,1005.6,28.3,67.6,3.1,
2005-01-31,1005.9,27.8,68.7,2.6,
2005-02-01,1005.3,28.3,71.7,2.9,
2005-02-02,1005.2,28.8,69.9,4,
2005-02-03,1006.5,29.1,67.8,4.1,
2005-02-04,1007.7,29.3,66.9,4.3,
2005-02-05,1008.8,29.2,67.3,3.4,
2005-02-06,1007.9,28.6,71.9,3.5,
2005-02-07,1007,28.2,68.3,3.6,
2005-02-08,1007,27.9,71,3.2,
2005-02-09,1006.5,28.2,68.3,2.8,
2005-02-10,1005.7,28,70.9,2.4,
2005-02-11,1006.6,28.1,68.3,2.5,
2005-02-12,1007.3,28.5,70.5,2.7,
2005-02-13,1007.6,28.8,70.9,2.4,
2005-02-14,1006.6,28.9,71.9,2.6,
2005-02-15,1005.8,26.3,84,1.9,
2005-02-16,1005.9,26.3,83,1.5,
2005-02-17,1006.6,27.4,79.7,2.9,
2005-02-18,1007.3,29,68.1,3.7,
2005-02-19,1007.7,28.8,68.3,3.3,
2005-02-20,1006.9,28.4,74.3,2.8,
2005-02-21,1006.1,28.6,70.8,2.7,
2005-02-22,1007,28.4,73.6,2.3,
2005-02-23,1008.3,28.3,78.6,2.5,
2005-02-24,1009,28.6,73.8,3.5,
2005-02-25,1008.2,27.4,79.4,2.7,
2005-02-26,1007.4,28.1,77.5,2.5,
2005-02-27,1007.5,28.7,77.4,3.3,
2005-02-28,1008.3,28.8,71.7,3.5,
2005-03-01,1008.1,28.8,70.6,3,
2005-03-02,1007.5,28.7,74.2,2.8,
2005-03-03,1008.1,28.6,76.5,3.3,
2005-03-04,1009.1,29,70.5,3.9,
2005-03-05,1009.3,28.9,68,3.8,
2005-03-06,1008.3,28.6,70.5,3.5,
2005-03-07,1007.8,28.7,70.5,3.1,
2005-03-08,1007.8,28.5,72,2.4,
2005-03-09,1008,28.8,70.2,2.7,
2005-03-10,1008.3,27.9,76,2.6,
2005-03-11,1008.8,28.6,71.9,3.2,
2005-03-12,1008.2,28.3,75.5,2.7,
2005-03-13,1007.1,28.6,72.9,2.6,
2005-03-14,1006.4,28.7,68.6,3.2,
2005-03-15,1006.4,28.8,67.9,3.3,
2005-03-16,1007.7,28.6,68.2,2.8,
2005-03-17,1007.5,28.3,73.3,2.6,
2005-03-18,1008.2,26.2,85,1.4,
2005-03-19,1008.8,27.2,80.1,1.2,
2005-03-20,1009.1,26.7,80.3,1.7,
2005-03-21,1008.9,26.2,83.6,1.7,
2005-03-22,1008.9,26.7,82.8,1.7,
2005-03-23,1010,26,84.4,1.9,
2005-03-24,1009.9,25.5,87.8,.9,
2005-03-25,1008.8,27,79.4,1.5,
2005-03-26,1008.2,26.9,79.7,1.6,
2005-03-27,1007.9,25.9,86.9,1,
2005-03-28,1008.4,26.1,83,1.6,
2005-03-29,1007.9,26.8,82.2,1.4,
2005-03-30,1007.9,27,80,2.4,
2005-03-31,1008.1,26.1,83,1.8,
2005-04-01,1008.4,26.8,83.1,1.8,
2005-04-02,1008.7,27.4,79.6,2.4,
2005-04-03,1009.4,27.7,78.2,2.3,
2005-04-04,1009.3,26.9,83,2.2,
2005-04-05,1008.8,27.8,75.6,3,
2005-04-06,1008.3,28.1,76.1,3.4,
2005-04-07,1007.4,28.6,73.5,3.5,
2005-04-08,1006.9,28.2,74.6,2.7,
2005-04-09,1007.2,28.1,74.5,2.3,
2005-04-10,1006.9,27,80.2,2.8,
2005-04-11,1006.5,27.3,77.4,2.7,
2005-04-12,1007.2,27.1,82.5,2.2,
2005-04-13,1007.9,25.9,87.3,1.6,
2005-04-14,1007.5,26.2,87.6,1.8,
2005-04-15,1007.7,28.1,76.9,3,
2005-04-16,1008.4,27.3,80.2,2.7,
2005-04-17,1008.2,27.4,78.3,2.5,
2005-04-18,1006.6,27.8,75,2.6,
2005-04-19,1007.1,28.4,75,3.4,
2005-04-20,1007.7,28.2,73.7,3.2,
2005-04-21,1007.7,27.2,74.6,2.5,
2005-04-22,1007,27.8,76.6,2.4,
2005-04-23,1007,28.2,72.9,2.7,
2005-04-24,1007.8,28.1,73.1,2.6,
2005-04-25,1008,28.2,75,2.3,
2005-04-26,1008.6,27.7,76.2,1.9,
2005-04-27,1008.6,27.6,77.2,2,
2005-04-28,1009,28.4,76,2.1,
2005-04-29,1009.5,26.8,84,1.9,
2005-04-30,1009.8,27.5,80.3,2,
2005-05-01,1009.6,27.3,80.5,1.6,
2005-05-02,1009.5,27.1,78.6,1.5,
2005-05-03,1010.4,26.5,81.8,1.7,
2005-05-04,1010.3,27,80.3,2.1,
2005-05-05,1010.2,27.2,75.9,2.3,
2005-05-06,1009.3,27,77.5,2.3,
2005-05-07,1008.9,26.8,79.3,2.7,
2005-05-08,1008.7,27.6,73.2,3.2,
2005-05-09,1009.4,26.6,78.3,2.5,
2005-05-10,1008.6,27.1,76.5,2.5,
2005-05-11,1008.2,27.6,76.5,2.8,
2005-05-12,null,null,null,null,
2005-05-13,null,null,null,null,
2005-05-14,null,null,71.7,null,
2005-05-15,null,null,69.8,null,
2005-05-16,null,null,79.4,null,
2005-05-17,null,null,78.8,null,
2005-05-18,null,null,75.8,null,
2005-05-19,null,null,74.1,null,
2005-05-20,null,null,77.8,null,
2005-05-21,1007.9,null,77.8,2.4,
2005-05-22,null,null,83.6,null,
2005-05-23,null,null,null,null,
2005-05-24,null,null,75.2,null,
2005-05-25,1009.3,26.9,82,2.4,
2005-05-26,1010.7,27.1,80.7,2.4,
2005-05-27,1010.4,26.9,80.5,2.5,
2005-05-28,1009.8,26.8,78.4,2.4,
2005-05-29,1009.1,27.2,73.5,2.7,
2005-05-30,1009.6,25.6,83.8,2.5,
2005-05-31,1009.3,25.9,81.9,2.4,
2005-06-01,1008.9,26.6,79.5,3,
2005-06-02,1008.8,26.3,80.1,2.6,
2005-06-03,1009.2,26.2,80.6,2.5,
2005-06-04,1009.4,25.7,81.4,2.3,
2005-06-05,1009.7,26.1,81.5,2.9,
2005-06-06,1009,25.2,84.5,2.3,
2005-06-07,1008.5,25.7,80.2,2.8,
2005-06-08,1009.4,26,81.8,2.5,
2005-06-09,1010.6,25.7,83.3,2.3,
2005-06-10,1010.1,26.4,77.6,2.4,
2005-06-11,1009.5,26.6,78.8,2.6,
2005-06-12,1009.5,26,78.9,2.6,
2005-06-13,1009.4,26.1,78,2.9,
2005-06-14,1010.6,25.7,84.3,1.9,
2005-06-15,1011,26.2,80.8,2.3,
2005-06-16,1010,27,75.9,2.5,
2005-06-17,1010.2,26.9,80.2,2.3,
2005-06-18,1010.9,24.6,90.3,1.3,
2005-06-19,1010.5,26,82.7,2.1,
2005-06-20,1010.3,26.2,81.1,2.4,
2005-06-21,1010.4,26.3,78.1,2.8,
2005-06-22,1010.6,26.1,76.2,2.8,
2005-06-23,1010.9,26.4,76.7,2.4,
2005-06-24,1011.5,25.1,82.5,2,
2005-06-25,1010.4,25.5,80.3,2.2,
2005-06-26,1010.6,25.3,79.2,1.8,
2005-06-27,1010.7,24.3,85.4,2.7,
2005-06-28,1010.5,26.2,76.2,2.9,
2005-06-29,1010.4,25.5,77.4,2.7,
2005-06-30,1010.1,25.8,74.9,3.6,
2005-07-01,1010.6,26.2,77.9,2.6,
2005-07-02,1011.3,26.1,79,2.3,
2005-07-03,1011.4,26.1,81.4,2.4,
2005-07-04,1010.9,26.2,75.4,3,
2005-07-05,1011.8,25.8,78.1,2.4,
2005-07-06,1012,26,80.7,2.3,
2005-07-07,1012.3,26.7,77,2.7,
2005-07-08,1012.4,25.4,83.8,2.3,
2005-07-09,1012.5,25.8,75.3,2.5,
2005-07-10,1011.4,25.7,76.6,2.2,
2005-07-11,1011.5,26.3,73.9,2.9,
2005-07-12,1011.7,26.3,73.9,2.7,
2005-07-13,1011,26,68.3,2.9,
2005-07-14,1010.6,25.4,73.5,2.6,
2005-07-15,1010.9,25.9,73.3,3.3,
2005-07-16,1011,26.5,67.4,3.6,
2005-07-17,1011,27.1,67,4,
2005-07-18,1011,26.3,74.1,2.9,
2005-07-19,1011.1,25.8,79.9,2.5,
2005-07-20,1010.9,25.7,81.8,2.5,
2005-07-21,1010.7,25.6,76,2.6,
2005-07-22,1011.4,26.1,70.8,3.2,
2005-07-23,1011.1,26.5,71,2.8,
2005-07-24,1011.9,25.9,69.5,2.5,
2005-07-25,1012.7,26.4,69.2,3.1,
2005-07-26,1013.1,26.4,74.4,2.7,
2005-07-27,1012.8,26.8,69.3,3.1,
2005-07-28,1012.9,26.2,70.3,2.7,
2005-07-29,1012.7,26.6,69.9,3,
2005-07-30,1012.3,26.1,68.3,3,
2005-07-31,1011.2,26.2,67,3.6,
2005-08-01,1011.5,26.1,65,3.1,
2005-08-02,1011,26.1,72,2.9,
2005-08-03,1011,26.5,68.1,3.8,
2005-08-04,1011.4,26.7,69.4,4.1,
2005-08-05,1011.7,26.9,67.4,4.3,
2005-08-06,1011.6,26.7,69.2,3.9,
2005-08-07,1011.4,26.3,71.3,3.1,
2005-08-08,1011.3,26.2,68.1,3.2,
2005-08-09,1011.7,26.3,68.7,3.1,
2005-08-10,1012.3,26.7,71.5,3.7,
2005-08-11,1012.4,27,70.9,3.8,
2005-08-12,1011.2,26.6,73.1,3.2,
2005-08-13,1010.7,26.2,75.5,3.4,
2005-08-14,1011.1,26.6,69.2,4,
2005-08-15,1012.1,26.7,72,3.7,
2005-08-16,1011.7,26.7,74.3,3.7,
2005-08-17,1010.8,26.9,62.5,4.4,
2005-08-18,1011.3,26.7,64.5,4,
2005-08-19,1011.7,26.5,68.8,3.4,
2005-08-20,1011.3,26,69.8,2.9,
2005-08-21,1010.9,26.8,64.9,3.8,
2005-08-22,1011,26.6,69.8,4,
2005-08-23,1011,27.1,66.8,4,
2005-08-24,1011.4,26.6,72,3.5,
2005-08-25,1010.6,26.5,76,2.8,
2005-08-26,1010.2,27,70.3,4.2,
2005-08-27,1011.1,26.8,66.3,4.2,
2005-08-28,1010.3,26.9,68.4,3.5,
2005-08-29,1009.8,27.3,66.3,4,
2005-08-30,1009.9,27.3,65.5,4,
2005-08-31,1009.6,26.9,65.3,5,
2005-09-01,1009.6,26.7,64.2,4.2,
2005-09-02,1010.1,26.7,68.7,3.3,
2005-09-03,1010.1,null,71.4,4.1,
2005-09-04,1011,26.9,68.8,4.1,
2005-09-05,1010.6,26.9,68.2,3.5,
2005-09-06,1010.9,26.9,69.5,4.1,
2005-09-07,null,null,74.5,null,
2005-09-08,null,null,68.6,null,
2005-09-09,1011.8,26.9,64.4,4.6,
2005-09-10,1011.8,26.9,58.2,4.4,
2005-09-11,1011.6,27,61.6,4.5,
2005-09-12,1011.7,26.5,64,3.6,
2005-09-13,1010.5,26.6,69.2,3.3,
2005-09-14,1010.6,27.5,66.3,3.6,
2005-09-15,1011.6,27.3,66.9,3.9,
2005-09-16,1011.7,27.2,62.2,4.1,
2005-09-17,1010.4,null,64.7,3.8,
2005-09-18,1010.7,26.9,71.3,3.6,
2005-09-19,1011.5,27,68.5,4.1,
2005-09-20,1011.3,26.8,67.3,3.4,
2005-09-21,1009.4,26.9,68.7,2.9,
2005-09-22,1008.7,26.6,71.1,2.6,
2005-09-23,1009.8,26.5,68.1,3.1,
2005-09-24,1010.1,null,70.3,2.8,
2005-09-25,1010.4,27.1,63.5,3.5,
2005-09-26,1010.4,27.4,65.8,3.9,
2005-09-27,1011.1,27.5,68.5,4,
2005-09-28,1010.6,27.1,66.5,4.3,
2005-09-29,1009.7,27.4,64.2,4,
2005-09-30,1009.7,27.6,67.9,3.5,
2005-10-01,1009.8,27.4,69.6,3.8,
2005-10-02,1009.4,27.5,65.6,4.7,
2005-10-03,1009.2,27.5,67.1,4.4,
2005-10-04,1009.2,27.7,66.3,4,
2005-10-05,1009.2,27.6,67.8,4.3,
2005-10-06,1010.5,27.7,66.4,4.8,
2005-10-07,1011.1,27.8,61.7,4.9,
2005-10-08,1010.9,27.4,65.4,4.5,
2005-10-09,1010,27.6,63.1,4.2,
2005-10-10,1009.3,27.2,67.2,4.4,
2005-10-11,1009.7,27,67.8,3.8,
2005-10-12,1010,27,68.2,3.8,
2005-10-13,1009.6,27.3,67.8,4.3,
2005-10-14,1009.7,27.4,66.5,4.6,
2005-10-15,1009.6,null,66.6,4.4,
2005-10-16,1008.8,27.4,66.3,3.9,
2005-10-17,1008.6,27.7,65.7,4.4,
2005-10-18,1009.4,27.4,65,3.7,
2005-10-19,1010.2,27.3,69.8,3.6,
2005-10-20,1009.3,27.3,65.4,4.4,
2005-10-21,1008.8,27.8,64,4.6,
2005-10-22,1009.1,null,66.2,4.3,
2005-10-23,1009,27.1,67.5,3.7,
2005-10-24,1009.2,27,68.8,3.9,
2005-10-25,1008.7,27.3,64.5,4.5,
2005-10-26,1008.5,27.3,69.2,3.6,
2005-10-27,1009.5,27.4,67.7,3.5,
2005-10-28,1009.4,27.2,67.7,3.5,
2005-10-29,1009.5,27.1,69,2.9,
2005-10-30,1009.5,27.1,69,2.7,
2005-10-31,1010.1,27.3,69.7,3.1,
2005-11-01,1011,27.7,67.1,3.2,
2005-11-02,1011,27.5,68.7,3.5,
2005-11-03,1010.3,27.9,65.8,4.3,
2005-11-04,1009.7,27.6,61.1,5.2,
2005-11-05,1009.4,27,67.2,3.4,
2005-11-06,1008.6,27.5,64.3,3.6,
2005-11-07,1008.2,27.5,64.4,4,
2005-11-08,1008.5,27.7,66.5,3.7,
2005-11-09,1008.6,28,67.2,4.2,
2005-11-10,1007.9,27.9,68.9,4.1,
2005-11-11,1007.4,27.6,66.5,3.6,
2005-11-12,1007,27.6,69.5,3.3,
2005-11-13,1007,27.2,71.4,2.8,
2005-11-14,1007.1,27.4,71,3.2,
2005-11-15,1007.8,27.6,69.7,3.3,
2005-11-16,1007.4,27.8,67.3,3.7,
2005-11-17,1006.5,28.2,64.9,4.5,
2005-11-18,1006.3,28,64.7,4.1,
2005-11-19,1007.4,28.3,63.7,4.1,
2005-11-20,1007.5,28.2,65.5,4.5,
2005-11-21,1006.8,28,67.6,3.7,
2005-11-22,1006.4,28.1,69.4,3.7,
2005-11-23,1007,28.4,68.8,3.6,
2005-11-24,1007.5,28.5,69,3.9,
2005-11-25,1007.5,28.3,68.8,3.7,
2005-11-26,1006.1,28.1,68.5,3.6,
2005-11-27,1005.8,28.1,70.5,3.6,
2005-11-28,1006.4,28.1,69.3,3.6,
2005-11-29,1007.3,28.5,65.8,4.7,
2005-11-30,1006.7,28.4,66.1,4.8,
2005-12-01,1006.3,28.3,64.7,4.3,
2005-12-02,1005.9,28,69.2,3.6,
2005-12-03,null,null,67.3,null,
2005-12-04,null,null,65.7,null,
2005-12-05,null,null,64,null,
2005-12-06,null,null,64.4,null,
2005-12-07,null,null,null,null,
2005-12-08,null,null,null,null,
2005-12-09,null,null,null,null,
2005-12-10,null,null,null,null,
2005-12-11,null,null,null,null,
2005-12-12,null,null,null,null,
2005-12-13,null,null,null,null,
2005-12-14,null,null,null,null,
2005-12-15,null,null,null,null,
2005-12-16,null,null,null,null,
2005-12-17,null,null,null,null,
2005-12-18,null,null,null,null,
2005-12-19,null,null,null,null,
2005-12-20,null,null,null,null,
2005-12-21,null,null,null,null,
2005-12-22,null,null,null,null,
2005-12-23,null,null,null,null,
2005-12-24,null,null,null,null,
2005-12-25,null,null,null,null,
2005-12-26,null,null,null,null,
2005-12-27,null,null,null,null,
2005-12-28,null,null,null,null,
2005-12-29,null,null,null,null,
2005-12-30,null,null,null,null,
2005-12-31,null,null,null,null,
2006-01-01,null,null,null,null,
2006-01-02,null,null,null,null,
2006-01-03,null,null,null,null,
2006-01-04,null,null,null,null,
2006-01-05,null,null,null,null,
2006-01-06,null,null,null,null,
2006-01-07,null,null,null,null,
2006-01-08,null,null,null,null,
2006-01-09,null,null,null,null,
2006-01-10,null,null,null,null,
2006-01-11,null,null,null,null,
2006-01-12,null,null,null,null,
2006-01-13,null,null,null,null,
2006-01-14,null,null,null,null,
2006-01-15,null,null,null,null,
2006-01-16,null,null,null,null,
2006-01-17,null,null,null,null,
2006-01-18,null,null,null,null,
2006-01-19,null,null,null,null,
2006-01-20,null,null,null,null,
2006-01-21,null,null,null,null,
2006-01-22,null,null,null,null,
2006-01-23,null,null,null,null,
2006-01-24,null,null,null,null,
2006-01-25,null,null,null,null,
2006-01-26,null,null,null,null,
2006-01-27,null,null,null,null,
2006-01-28,null,null,null,null,
2006-01-29,null,null,null,null,
2006-01-30,null,null,null,null,
2006-01-31,null,null,null,null,
2006-02-01,null,null,null,null,
2006-02-02,null,null,null,null,
2006-02-03,null,null,null,null,
2006-02-04,null,null,null,null,
2006-02-05,null,null,null,null,
2006-02-06,null,null,null,null,
2006-02-07,null,null,null,null,
2006-02-08,null,null,null,null,
2006-02-09,null,null,null,null,
2006-02-10,null,null,null,null,
2006-02-11,null,null,null,null,
2006-02-12,null,null,null,null,
2006-02-13,null,null,null,null,
2006-02-14,null,null,null,null,
2006-02-15,null,null,null,null,
2006-02-16,null,null,null,null,
2006-02-17,null,null,null,null,
2006-02-18,null,null,null,null,
2006-02-19,null,null,null,null,
2006-02-20,null,null,null,null,
2006-02-21,null,null,null,null,
2006-02-22,null,null,null,null,
2006-02-23,null,null,null,null,
2006-02-24,null,null,null,null,
2006-02-25,null,null,null,null,
2006-02-26,null,null,null,null,
2006-02-27,null,null,null,null,
2006-02-28,null,null,null,null,
2006-03-01,null,null,null,null,
2006-03-02,null,null,null,null,
2006-03-03,null,null,null,null,
2006-03-04,null,null,null,null,
2006-03-05,null,null,null,null,
2006-03-06,null,null,null,null,
2006-03-07,null,null,null,null,
2006-03-08,null,null,null,null,
2006-03-09,null,null,null,null,
2006-03-10,null,null,null,null,
2006-03-11,null,null,null,null,
2006-03-12,null,null,null,null,
2006-03-13,null,null,null,null,
2006-03-14,null,null,null,null,
2006-03-15,null,null,null,null,
2006-03-16,null,null,null,null,
2006-03-17,null,null,null,null,
2006-03-18,null,null,null,null,
2006-03-19,null,null,null,null,
2006-03-20,null,null,null,null,
2006-03-21,null,null,null,null,
2006-03-22,null,null,null,null,
2006-03-23,null,null,null,null,
2006-03-24,null,null,null,null,
2006-03-25,null,null,null,null,
2006-03-26,null,null,null,null,
2006-03-27,null,null,null,null,
2006-03-28,null,null,null,null,
2006-03-29,null,null,null,null,
2006-03-30,null,null,null,null,
2006-03-31,null,null,null,null,
2006-04-01,null,null,null,null,
2006-04-02,null,null,null,null,
2006-04-03,null,null,null,null,
2006-04-04,null,null,null,null,
2006-04-05,null,null,null,null,
2006-04-06,null,null,null,null,
2006-04-07,null,null,null,null,
2006-04-08,null,null,null,null,
2006-04-09,null,null,null,null,
2006-04-10,null,null,null,null,
2006-04-11,null,null,null,null,
2006-04-12,null,null,null,null,
2006-04-13,null,null,null,null,
2006-04-14,null,null,null,null,
2006-04-15,null,null,null,null,
2006-04-16,null,null,null,null,
2006-04-17,null,null,null,null,
2006-04-18,null,null,null,null,
2006-04-19,null,null,null,null,
2006-04-20,null,null,null,null,
2006-04-21,null,null,null,null,
2006-04-22,null,null,null,null,
2006-04-23,null,null,null,null,
2006-04-24,null,null,null,null,
2006-04-25,null,null,null,null,
2006-04-26,null,null,null,null,
2006-04-27,null,null,null,null,
2006-04-28,null,null,null,null,
2006-04-29,null,null,null,null,
2006-04-30,null,null,null,null,
2006-05-01,null,null,null,null,
2006-05-02,null,null,null,null,
2006-05-03,null,null,null,null,
2006-05-04,null,null,null,null,
2006-05-05,null,null,null,null,
2006-05-06,null,null,null,null,
2006-05-07,null,null,null,null,
2006-05-08,null,null,null,null,
2006-05-09,null,null,null,null,
2006-05-10,null,null,null,null,
2006-05-11,null,null,null,null,
2006-05-12,null,null,null,null,
2006-05-13,null,null,null,null,
2006-05-14,null,null,null,null,
2006-05-15,null,null,null,null,
2006-05-16,null,null,null,null,
2006-05-17,null,null,null,null,
2006-05-18,null,null,null,null,
2006-05-19,null,null,null,null,
2006-05-20,null,null,null,null,
2006-05-21,null,null,null,null,
2006-05-22,null,null,null,null,
2006-05-23,null,null,null,null,
2006-05-24,null,null,null,null,
2006-05-25,null,null,null,null,
2006-05-26,null,null,null,null,
2006-05-27,null,null,null,null,
2006-05-28,null,null,null,null,
2006-05-29,null,null,null,null,
2006-05-30,null,null,null,null,
2006-05-31,null,null,null,null,
2006-06-01,null,null,null,null,
2006-06-02,null,null,null,null,
2006-06-03,null,null,null,null,
2006-06-04,null,null,null,null,
2006-06-05,null,null,null,null,
2006-06-06,null,null,null,null,
2006-06-07,null,null,null,null,
2006-06-08,null,null,null,null,
2006-06-09,null,null,null,null,
2006-06-10,null,null,null,null,
2006-06-11,null,null,null,null,
2006-06-12,null,null,null,null,
2006-06-13,null,null,null,null,
2006-06-14,null,null,null,null,
2006-06-15,null,null,null,null,
2006-06-16,null,null,null,null,
2006-06-17,null,null,null,null,
2006-06-18,null,null,null,null,
2006-06-19,null,null,null,null,
2006-06-20,null,null,null,null,
2006-06-21,null,null,null,null,
2006-06-22,null,null,null,null,
2006-06-23,null,null,null,null,
2006-06-24,null,null,null,null,
2006-06-25,null,null,null,null,
2006-06-26,null,null,null,null,
2006-06-27,null,null,null,null,
2006-06-28,null,null,null,null,
2006-06-29,null,null,null,null,
2006-06-30,null,null,null,null,
2006-07-01,null,null,null,null,
2006-07-02,null,null,null,null,
2006-07-03,null,null,null,null,
2006-07-04,null,null,63.4,null,
2006-07-05,1012.8,26.4,70.3,2.4,
2006-07-06,1013.6,24.5,89,1.6,
2006-07-07,1013.6,25.3,80.7,2.7,
2006-07-08,1011.5,25.9,77.5,2.5,
2006-07-09,1010.6,26.4,77.5,2.5,
2006-07-10,1010.6,26.6,71.3,2.9,
2006-07-11,1011,26,77.3,2.5,
2006-07-12,1010.8,26.3,77.8,3,
2006-07-13,1010.8,26.2,72.9,3.2,
2006-07-14,1011.1,25.4,71.1,2.9,
2006-07-15,1011.7,25.4,74.4,2.4,
2006-07-16,1011.6,25.5,78,2.4,
2006-07-17,1011.5,26,79.6,2.3,
2006-07-18,1011.4,26.1,72.8,3.2,
2006-07-19,1011.8,26.2,70.7,2.4,
2006-07-20,1012.7,25.9,74.5,2.2,
2006-07-21,1011.9,26.8,71.5,2.8,
2006-07-22,1010.7,26.3,69.3,2.7,
2006-07-23,1010.1,26,71.7,3.1,
2006-07-24,1010.1,25.3,73.5,2.9,
2006-07-25,1009.4,26,76.5,2.4,
2006-07-26,1009.4,26.8,73.7,3,
2006-07-27,1010.3,26.3,74.9,3.1,
2006-07-28,1010.3,26.2,69.7,2.9,
2006-07-29,1010.1,26.4,77,2.7,
2006-07-30,1011.1,26.6,75.8,2.6,
2006-07-31,1012.9,26.2,76.2,2.9,
2006-08-01,1013.7,27,69,3.2,
2006-08-02,1013.1,26.5,67,2.9,
2006-08-03,1012.3,25.7,68,2.2,
2006-08-04,1011.1,26.1,71.2,2.2,
2006-08-05,1010.6,26.6,66,3.2,
2006-08-06,1010.8,26.1,63.8,3.4,
2006-08-07,1010.9,26.1,66.3,3.4,
2006-08-08,1010.1,25.7,70.1,2.8,
2006-08-09,1010.3,26.6,75.7,3.6,
2006-08-10,1010.4,26.8,72.8,3.9,
2006-08-11,1010.1,27.2,65.3,4,
2006-08-12,1011,26.8,66.8,3.9,
2006-08-13,1010.3,26.2,74.1,3.6,
2006-08-14,1010.2,26.6,67.3,3.3,
2006-08-15,1011.3,null,69.3,3.4,
2006-08-16,1010.7,26.2,72.4,3.1,
2006-08-17,1010.4,25.5,78.3,3.2,
2006-08-18,1010,26.2,71.5,3.3,
2006-08-19,1009.8,26.2,73,2.9,
2006-08-20,1010.3,26.7,71.5,2.9,
2006-08-21,1011.2,26.8,73.1,3.3,
2006-08-22,1011.7,27.1,72.9,3.5,
2006-08-23,1011.9,27,70.3,4.2,
2006-08-24,1011.4,26.9,69.1,3.7,
2006-08-25,1010.6,27.1,64.7,3.6,
2006-08-26,1010,26.9,64.9,3.9,
2006-08-27,1009.6,26.5,68.2,2.8,
2006-08-28,1009.9,26.7,68.3,3.4,
2006-08-29,1010.5,26.6,73.6,3.3,
2006-08-30,1010.9,27.1,71.3,2.8,
2006-08-31,1010.8,27.3,72,3.2,
2006-09-01,1009.1,27.4,69,3,
2006-09-02,1008.3,27.6,67.6,4,
2006-09-03,1008.7,26.9,74.5,3.7,
2006-09-04,1010.3,27.4,68,3.8,
2006-09-05,1011.8,27.2,65.9,3.4,
2006-09-06,1011.8,27.1,70.9,3,
2006-09-07,1011.1,27.7,63.4,3.6,
2006-09-08,1010.8,27.1,64.3,3.5,
2006-09-09,1010.8,27.2,62.1,3.8,
2006-09-10,1011.6,27.2,61.9,3.8,
2006-09-11,1011.1,26.8,68.3,3.8,
2006-09-12,1010.8,27.1,64.1,3.7,
2006-09-13,1010.7,27.4,60.6,3.6,
2006-09-14,1010.5,27.2,66.7,4.4,
2006-09-15,1011.2,27,69,4.5,
2006-09-16,1011.1,26.3,77.7,3.8,
2006-09-17,1010.8,27.4,68.3,4.2,
2006-09-18,1010.8,27.1,68.5,3.9,
2006-09-19,1010.8,27,69.7,3.6,
2006-09-20,1010.7,26.9,71.3,3.5,
2006-09-21,1010.9,27.1,69.6,3.4,
2006-09-22,1011.4,27.1,68.9,3.4,
2006-09-23,1010.9,27.3,69.2,3.8,
2006-09-24,1010.3,27.5,66.9,3.2,
2006-09-25,1011.2,26.6,72,2.8,
2006-09-26,1010.8,27.6,67.9,3.7,
2006-09-27,1011.3,27.8,69.3,4.3,
2006-09-28,1010.5,28,61,4.1,
2006-09-29,1010.6,27.2,62.5,3.8,
2006-09-30,1011.3,27.1,66,3.3,
2006-10-01,1010.8,27.1,67.3,3.7,
2006-10-02,1009.5,27.5,65.7,3.8,
2006-10-03,1008.7,27.4,66.4,3.8,
2006-10-04,1008.2,27.3,68,4,
2006-10-05,1009.3,27.6,66.6,4.3,
2006-10-06,1009.5,27.2,70.5,4.2,
2006-10-07,1009.3,27.4,64.9,3.6,
2006-10-08,1008.8,27.6,65.2,4.8,
2006-10-09,1010.1,27.5,67.4,4.5,
2006-10-10,1010.5,27.7,65.3,4.6,
2006-10-11,1009.5,28.1,65.4,4.3,
2006-10-12,1008.9,28,66.8,4,
2006-10-13,1008,27.9,66.3,3.5,
2006-10-14,1007.6,27.7,71.3,3.8,
2006-10-15,1007.8,27.7,69,3.7,
2006-10-16,1008,27.8,68.2,3.4,
2006-10-17,1007.9,27.9,68.1,3.6,
2006-10-18,1007.9,27.8,68.9,3.7,
2006-10-19,1008,27.8,68.3,3.8,
2006-10-20,1008.9,27.7,67.2,3.3,
2006-10-21,1009.3,27,70.3,2.7,
2006-10-22,1009.7,27.7,67.2,2.9,
2006-10-23,1010.1,27.7,67.4,3.7,
2006-10-24,1010.7,26.9,71.2,4.2,
2006-10-25,1010.8,26.9,70,3.4,
2006-10-26,1010,27.3,69.7,3,
2006-10-27,1008.6,26.8,70.9,2.9,
2006-10-28,1007.9,27,68.9,3,
2006-10-29,1007.7,27.6,66.8,3.1,
2006-10-30,1007,27.6,65.2,3.4,
2006-10-31,1006.9,27.5,66.8,3.4,
2006-11-01,1007.8,28,62.6,4.1,
2006-11-02,1007.6,28.1,67.2,4.3,
2006-11-03,1007.6,27.2,72.6,3.5,
2006-11-04,1006.7,27.6,67.1,3.9,
2006-11-05,1006.6,28,65.4,4.1,
2006-11-06,1007.3,27.7,67.1,3.5,
2006-11-07,1007.4,27.5,69.7,2.9,
2006-11-08,1006.4,27.4,72.7,2.9,
2006-11-09,1007.2,27.6,68.1,3,
2006-11-10,1007.6,27.7,68.1,3.1,
2006-11-11,1008.8,27.2,70.1,2.3,
2006-11-12,1009.5,27.4,71.8,2.8,
2006-11-13,1008.5,28.2,67.5,4.2,
2006-11-14,1008.1,27.5,66.9,3.7,
2006-11-15,1008.1,26.8,70,3.4,
2006-11-16,1008,27.3,70.6,3.5,
2006-11-17,1008.1,28,64.8,4.4,
2006-11-18,1008,27.8,68.3,3.8,
2006-11-19,1009,27.9,68.8,3.4,
2006-11-20,1009.6,27.7,70.9,3.4,
2006-11-21,1009.7,27.7,70.2,3.3,
2006-11-22,1008.4,27.8,70.3,3.2,
2006-11-23,1007.8,27.9,68,3.5,
2006-11-24,1008,28.1,64.7,4.2,
2006-11-25,1008.5,28,64.2,4,
2006-11-26,1008.5,27.5,65.9,3.3,
2006-11-27,1007.1,27.6,67.5,3.5,
2006-11-28,1006.4,28.1,66.8,4,
2006-11-29,1007.2,27.7,68.6,4.1,
2006-11-30,1008.1,27.2,68.6,3,
2006-12-01,1007.5,26.5,70.6,2.8,
2006-12-02,1007.3,27.3,72.1,3,
2006-12-03,1007.3,27.8,68.8,3.8,
2006-12-04,1008.1,27.5,65.9,4.3,
2006-12-05,1009.3,27.3,71.4,2.9,
2006-12-06,1008.8,26.9,71.4,2.9,
2006-12-07,1007.7,28,70.1,3.6,
2006-12-08,1007.4,28.1,72,3.4,
2006-12-09,1007.9,27.7,72.7,2.6,
2006-12-10,1008.6,27.9,70.9,3,
2006-12-11,1009,27.8,72.7,2.8,
2006-12-12,1009.1,28,71.1,3.2,
2006-12-13,1008.7,28.1,69.3,3,
2006-12-14,1008.1,28.2,70.8,3.7,
2006-12-15,1007.8,28.2,68.7,3.8,
2006-12-16,1008.9,28.3,67.3,3.5,
2006-12-17,1009.6,28.3,71,3.7,
2006-12-18,1008.9,28.4,69.1,4.5,
2006-12-19,1008.7,28.4,66.1,3.6,
2006-12-20,1009.3,28.2,69.4,3.7,
2006-12-21,1009.6,28.5,68.9,4.4,
2006-12-22,1010,27.9,69.7,3.3,
2006-12-23,null,null,71.6,null,
2006-12-24,1009.5,null,70,2.6,
2006-12-25,null,null,null,null,
2006-12-26,null,null,63.8,null,
2006-12-27,1010.6,28.1,69.5,2.8,
2006-12-28,1010.9,28.2,69.9,2.8,
2006-12-29,1010.3,28.4,69.5,2.8,
2006-12-30,1009.9,28.3,69.9,2.7,
2006-12-31,1009.6,28.5,68.9,3.2,
2007-01-01,1009.6,28.5,68.1,3.4,
2007-01-02,1009.9,28.6,66.5,3.4,
2007-01-03,1009.4,26.8,78.8,2.6,
2007-01-04,1008.9,27.7,69.5,2.7,
2007-01-05,1008.1,25.9,81.4,2.6,
2007-01-06,1007.7,27.9,71.5,3.7,
2007-01-07,1008.5,27.6,75.5,3.5,
2007-01-08,1007.9,27.9,71,3.3,
2007-01-09,1007.7,27.6,77.8,3.1,
2007-01-10,1008.2,27.8,74.3,2.9,
2007-01-11,1007.8,28,72.9,2.9,
2007-01-12,1007.9,27.9,71.9,3,
2007-01-13,1007.4,27.9,69.1,2.8,
2007-01-14,1007.4,27.6,73.9,2.6,
2007-01-15,1007.3,28.5,71.5,3.1,
2007-01-16,1006.9,28.8,69.9,4,
2007-01-17,1007.3,28.8,69.8,3.7,
2007-01-18,1007.7,28.4,68.8,3.9,
2007-01-19,1008.7,28.4,68,3.6,
2007-01-20,1009.8,28.7,69.5,3.4,
2007-01-21,1009.5,28.8,68.8,3.6,
2007-01-22,1008.5,28.4,67.8,3.2,
2007-01-23,1008.1,27.5,74.2,2.1,
2007-01-24,1009,28,73.7,2.3,
2007-01-25,1008.7,28.8,70.8,3.6,
2007-01-26,1008.1,28.8,67.9,3.7,
2007-01-27,1008.3,28.6,65.9,3.6,
2007-01-28,1009.8,28.3,69.4,2.8,
2007-01-29,1009.8,28.7,70.8,3,
2007-01-30,1008.9,28.7,72.5,2.8,
2007-01-31,1008.2,28.5,74.3,2.9,
2007-02-01,1009,28.3,73.3,3,
2007-02-02,1009.5,26.5,79.6,1.9,
2007-02-03,1009,27.3,77.3,2,
2007-02-04,1009.3,27.1,79.1,2.1,
2007-02-05,1009.2,27.2,78.3,2.1,
2007-02-06,1007.9,28.1,74.3,2.7,
2007-02-07,1007.5,28.6,71.1,3,
2007-02-08,1008.6,27.8,75.3,2.6,
2007-02-09,1009.5,28,75.3,2.8,
2007-02-10,1010.3,28.5,70.5,3.3,
2007-02-11,1009.9,28.3,71.8,2.5,
2007-02-12,1008.9,27.9,73.5,1.9,
2007-02-13,1007.6,28.2,74,1.8,
2007-02-14,1007.9,25.8,84.8,1.2,
2007-02-15,1007.9,25.7,85.6,1.2,
2007-02-16,1006.4,26.6,81.5,1.8,
2007-02-17,1006.4,25.6,87.8,1.4,
2007-02-18,1007.3,25.7,81.5,1.8,
2007-02-19,1007.1,25.4,85.2,1.5,
2007-02-20,1008.4,25.2,81.6,2.2,
2007-02-21,1008.2,26.5,77.5,2.2,
2007-02-22,1009.3,26.8,78.5,2.6,
2007-02-23,1010.3,24.4,89.2,1.5,
2007-02-24,1010.2,25.7,81.8,1.7,
2007-02-25,1009.2,26.8,80.5,2.2,
2007-02-26,1008.8,27.6,77.9,2.5,
2007-02-27,1008.1,28,72.8,3.3,
2007-02-28,1007.4,26.9,79.5,2.5,
2007-03-01,1006.7,26.6,80.5,2.6,
2007-03-02,1007.1,25.2,87.4,2,
2007-03-03,1007.2,25.6,84.9,1.9,
2007-03-04,1007.2,26.8,76.5,2.3,
2007-03-05,1007.9,27.4,75.3,3,
2007-03-06,1009.2,27.4,76.6,2.6,
2007-03-07,1009.6,27.1,78.3,2.4,
2007-03-08,1008.5,27.2,78,2.1,
2007-03-09,1007.2,27.6,76.7,2.3,
2007-03-10,1007.7,27.5,76.8,2.5,
2007-03-11,1008.4,25.1,86.9,1.5,
2007-03-12,1008.5,25.7,83.3,2,
2007-03-13,1009,24.5,87.8,2.1,
2007-03-14,1007.7,26.8,78.6,2.6,
2007-03-15,1007.7,27.1,78.4,2.7,
2007-03-16,1007.9,27.5,75.9,1.9,
2007-03-17,1008.8,25.4,88,.9,
2007-03-18,1009.1,26.4,83.5,1.3,
2007-03-19,1008.9,27.2,80,1.9,
2007-03-20,1008.6,27.3,80.7,1.5,
2007-03-21,1007.5,27.7,73.9,2.1,
2007-03-22,1007.5,27,78.4,2.3,
2007-03-23,1008.1,27.1,79,2.4,
2007-03-24,1008.3,27.5,78.5,2.8,
2007-03-25,1007.5,27.5,77.4,2.5,
2007-03-26,1006.9,27.5,75.8,2.6,
2007-03-27,1007.3,26.3,83.5,2.1,
2007-03-28,1007,27.4,79,2.5,
2007-03-29,1006.3,27.8,71.3,2.6,
2007-03-30,1006.2,28.3,70.5,3,
2007-03-31,1006,27.5,77.6,2.6,
2007-04-01,1006.7,28.4,72.9,2.8,
2007-04-02,1007.2,28.5,69.3,3.1,
2007-04-03,1007.2,28.1,74.2,2.5,
2007-04-04,1007.5,27.9,73.2,3,
2007-04-05,1008.2,28.1,72.8,2.4,
2007-04-06,1008.4,28.5,72.8,2.8,
2007-04-07,1008.8,28.1,75.4,2.4,
2007-04-08,1009.1,28.4,74.5,2.5,
2007-04-09,1008.3,27.6,78.9,2.2,
2007-04-10,1008.1,27.1,82.2,2.1,
2007-04-11,1009.1,26.2,83.4,1.9,
2007-04-12,1009.9,27,77.1,2,
2007-04-13,1009.9,26.6,78.9,2.6,
2007-04-14,1009.5,27.4,76.7,2.5,
2007-04-15,1009.5,27.9,76.3,2.8,
2007-04-16,1009,26.9,81.3,1.9,
2007-04-17,1007.6,26.4,85.5,1.4,
2007-04-18,1008.1,25.2,87,2,
2007-04-19,1007.6,26.8,80.8,1.9,
2007-04-20,1007.1,26.9,79.6,2.3,
2007-04-21,1007.4,25.5,87.3,2,
2007-04-22,1007.6,26.6,80.5,2.3,
2007-04-23,1008.5,26.7,83.7,1.5,
2007-04-24,1008.8,25.9,88.1,1.1,
2007-04-25,1008.7,25.9,84.2,1.5,
2007-04-26,1007.5,25.4,88,1.1,
2007-04-27,1008.5,25.5,86.4,1.6,
2007-04-28,1009.2,26.4,85.5,1.7,
2007-04-29,1009.5,26.6,80,2,
2007-04-30,1008.5,26,83.9,1.2,
2007-05-01,1008.2,26.8,80.2,2.3,
2007-05-02,1008.9,26.1,83.4,1.9,
2007-05-03,1008.5,26.3,80.3,2,
2007-05-04,1007.9,26.9,77.6,2.1,
2007-05-05,1007.1,26.8,78.3,2.5,
2007-05-06,1006.7,26.5,80.3,2.5,
2007-05-07,1006.1,27.1,77.5,2.7,
2007-05-08,1006.9,27.2,80,2.1,
2007-05-09,1008,27.2,75.3,2,
2007-05-10,1009.1,26.3,76.2,1.6,
2007-05-11,1010.3,27.3,73.8,2.3,
2007-05-12,1011.8,27.9,70.1,2.5,
2007-05-13,1011.1,27.2,77.9,2.2,
2007-05-14,1010.3,27,77.1,2.1,
2007-05-15,1009.9,26.8,79.5,2.1,
2007-05-16,1009.2,26.9,77.8,2.5,
2007-05-17,1008.8,27.5,73.1,3.3,
2007-05-18,1008.6,27,69.9,2.6,
2007-05-19,1008.4,27.3,75.5,2.6,
2007-05-20,1008.6,27.7,73.1,2.8,
2007-05-21,1008.5,26.8,78.9,2.2,
2007-05-22,1007.8,27,78.8,2.3,
2007-05-23,1007.5,27.3,77.5,2.3,
2007-05-24,1008.7,26.5,81.2,1.7,
2007-05-25,1008.6,27.3,80.3,1.9,
2007-05-26,1008.6,27.3,75.2,2.6,
2007-05-27,1009.7,26.7,76.5,2.3,
2007-05-28,1009.7,26.6,79.7,2,
2007-05-29,1009.5,26.8,78.4,2.3,
2007-05-30,1009.7,27.6,73.5,2.6,
2007-05-31,1009.8,27.4,79.1,3.1,
2007-06-01,1010.7,26.8,73.2,3.5,
2007-06-02,1010.3,26.7,73.5,2.6,
2007-06-03,1010.5,26.3,80.2,2.1,
2007-06-04,1011.2,26.5,79.3,2.3,
2007-06-05,1011.7,27.1,76.8,1.7,
2007-06-06,1011.7,26.2,79.6,2.1,
2007-06-07,1010.4,26.4,76.7,2.1,
2007-06-08,1009.9,27.2,72.5,2.6,
2007-06-09,1010.3,25.7,80.3,2.9,
2007-06-10,1010,26,78.2,2.5,
2007-06-11,1009.6,26.6,72.9,2.2,
2007-06-12,1009.6,26.5,76.4,2.7,
2007-06-13,1009.4,26.2,78.5,2.7,
2007-06-14,1009,26.2,76.8,2.6,
2007-06-15,1009.2,26.6,72.3,2.9,
2007-06-16,1010,26.6,73.2,3.2,
2007-06-17,1010.2,25.8,79.8,2.8,
2007-06-18,1010.7,26.3,78.5,3,
2007-06-19,1011,27,72.5,3.3,
2007-06-20,1011.2,26.6,72.5,3,
2007-06-21,1011.6,26.3,71.2,3.3,
2007-06-22,1010.2,26.2,71.4,3.6,
2007-06-23,1009,26.6,71.8,3.5,
2007-06-24,1010.2,26.4,74.9,2.6,
2007-06-25,1011.6,26.3,69.1,2.5,
2007-06-26,1011.9,25.6,71.3,3,
2007-06-27,1011,25.9,74.4,2.6,
2007-06-28,1011,26.2,75.8,3,
2007-06-29,1012,26.1,72.9,2.4,
2007-06-30,1013.8,25.9,76,2.3,
2007-07-01,1013.9,27,74.2,2.2,
2007-07-02,1013.1,27,72.5,2.5,
2007-07-03,1012.6,26.9,71,2.8,
2007-07-04,1013.2,26.4,67.4,3.3,
2007-07-05,1012.9,25.7,73.5,3,
2007-07-06,1011.2,26,71.3,3.2,
2007-07-07,1010.5,26.5,66.7,3.8,
2007-07-08,1010,26.9,74,4.1,
2007-07-09,1010.2,26.9,68.5,3.9,
2007-07-10,1009.5,26.8,71.4,3.9,
2007-07-11,1010.5,26.7,68.7,3.9,
2007-07-12,1011.2,26.6,71.1,3.2,
2007-07-13,1011.6,26.4,76.2,3.2,
2007-07-14,1010.7,26.8,74.2,2.7,
2007-07-15,1010.4,26.8,73.6,3.4,
2007-07-16,1010.2,26.6,73.9,4,
2007-07-17,1010.6,27,69.7,3.6,
2007-07-18,1009.9,26.6,73.4,3.2,
2007-07-19,1010.1,26.9,67.9,3.4,
2007-07-20,1010.6,26.5,71.7,3.3,
2007-07-21,1011.5,26.1,69.1,2.7,
2007-07-22,1010,25.6,75.2,2.5,
2007-07-23,1010.2,24.9,84.6,2.5,
2007-07-24,1010.6,26,73.4,2.6,
2007-07-25,1010.8,26,75.8,2.8,
2007-07-26,1012.2,26.3,76,2.6,
2007-07-27,1011.3,26.5,74.5,3.3,
2007-07-28,1011.3,26.8,62.6,3.1,
2007-07-29,1010.5,26.3,72.3,2.6,
2007-07-30,1010.1,26.8,69.2,3.1,
2007-07-31,1010.4,26.6,67.6,3.2,
2007-08-01,1010.5,26.9,65.8,3.8,
2007-08-02,1011.4,26.8,65.3,4.2,
2007-08-03,1011.7,26.5,64.7,3.2,
2007-08-04,1011.6,26,68.5,3.3,
2007-08-05,1010.9,26.5,68.8,3.2,
2007-08-06,1010.9,26.6,68,3.9,
2007-08-07,1011,26.9,65.8,3.5,
2007-08-08,1011.2,26.7,68.3,3.7,
2007-08-09,1010.5,26.9,64.4,4.4,
2007-08-10,1010.1,26.6,66.1,3.4,
2007-08-11,1010.6,26.7,69.8,3.8,
2007-08-12,1011,26.2,66.7,3.6,
2007-08-13,1010.9,26.4,62.8,3.6,
2007-08-14,1010.8,26.2,65.4,4.1,
2007-08-15,1010.5,25.7,64,3.7,
2007-08-16,1010.5,26.3,64.4,4.2,
2007-08-17,1009.4,26.6,66.1,3.7,
2007-08-18,1010.1,26.4,62,3.7,
2007-08-19,1011.5,26.4,66.7,3.6,
2007-08-20,1011.5,26.6,70.9,3.5,
2007-08-21,1010.9,26.8,72.4,3.8,
2007-08-22,1010.7,26.9,63.6,4.1,
2007-08-23,1010.2,26.4,64.8,3.7,
2007-08-24,1009.2,26.2,68.8,3.5,
2007-08-25,1008.4,26.4,71.8,3,
2007-08-26,1009.6,26.9,65.7,3.7,
2007-08-27,1010.5,26.9,62.8,4.1,
2007-08-28,1010.3,26.2,69.2,3.7,
2007-08-29,1011.2,26.8,59.8,4.4,
2007-08-30,1011.8,26.8,68.5,4.3,
2007-08-31,1012.2,26.7,65.4,4.6,
2007-09-01,1012,26.7,62.4,3,
2007-09-02,1011.7,27.2,65.3,3.1,
2007-09-03,1012.2,26.6,60.7,3.9,
2007-09-04,1012.5,26.4,64.5,3.9,
2007-09-05,1012.4,26.8,68,4,
2007-09-06,1012.3,25.9,74.2,3.7,
2007-09-07,1011.9,26.3,66.6,3.5,
2007-09-08,1011.2,26.9,66.2,3.4,
2007-09-09,1010.5,26.8,64.4,3.7,
2007-09-10,1010.1,27.1,65.3,4.2,
2007-09-11,1010,27.1,63.3,4.1,
2007-09-12,1010.4,27,64.2,3.8,
2007-09-13,1009.8,26.7,65.7,4.3,
2007-09-14,1009.8,26.3,64.1,4.1,
2007-09-15,1009.5,27,66.1,4,
2007-09-16,1009.6,27,65.5,3.7,
2007-09-17,1010.2,26.4,74,2.6,
2007-09-18,1011,27.3,68.4,3,
2007-09-19,1011.4,27.1,67.1,3.6,
2007-09-20,1009.9,27,66,4.4,
2007-09-21,1010,26.9,62.5,4.6,
2007-09-22,1010.6,27.1,62.7,3.9,
2007-09-23,1010,26.9,63.8,3.7,
2007-09-24,1010.5,26.8,64.3,3.5,
2007-09-25,1010.6,26.2,70.4,3.2,
2007-09-26,1011.3,27,63.8,4.4,
2007-09-27,1012,26.9,62.7,4.5,
2007-09-28,1011.8,27.3,60.5,4.5,
2007-09-29,1011.7,27,65.2,4.1,
2007-09-30,1011.7,26.7,64.8,4.2,
2007-10-01,1011.9,26.6,63.8,4,
2007-10-02,1011.2,26.9,65.3,3.8,
2007-10-03,1010.2,27.3,65.3,3.8,
2007-10-04,1010.2,27,68.4,3.9,
2007-10-05,1010.5,26.6,68.3,3.6,
2007-10-06,1009.5,26.5,66.9,3.9,
2007-10-07,1008.6,26.7,66.2,4.6,
2007-10-08,1009.1,26.9,65.6,4.5,
2007-10-09,1009.1,26.4,69.3,4.6,
2007-10-10,1008.7,26.9,66.8,4.6,
2007-10-11,1007.9,26.7,64.4,4.2,
2007-10-12,1007.8,26.9,67,4.2,
2007-10-13,1008.3,27.4,66.6,4.5,
2007-10-14,1008.1,27.2,65.8,4.5,
2007-10-15,1008.9,27.3,64,4,
2007-10-16,1009.6,26.9,68.3,3.4,
2007-10-17,1010.1,26.9,69.3,3.5,
2007-10-18,1009.8,26.7,70.4,3.3,
2007-10-19,1009.3,27.3,69.1,3.7,
2007-10-20,1009.8,27.4,68.5,3.4,
2007-10-21,1009.4,27.1,70,3.2,
2007-10-22,1009.3,27.7,68.3,3.4,
2007-10-23,1009.4,27.5,70.9,3.5,
2007-10-24,1009,27.9,64.4,4.7,
2007-10-25,1008.9,27.6,59.6,5.1,
2007-10-26,1009,27.4,62.3,4,
2007-10-27,1009,27.2,70.9,3.4,
2007-10-28,1008.1,27.3,72,3.2,
2007-10-29,1007.2,27.5,68.1,4.1,
2007-10-30,1006.5,27.6,66.3,4.2,
2007-10-31,1006.3,27.7,68.2,3.2,
2007-11-01,1007,27.6,71.6,4,
2007-11-02,1008.8,27.6,68.5,3.9,
2007-11-03,1008.7,27.5,67.3,3.6,
2007-11-04,1007.6,27.5,65.9,3.7,
2007-11-05,1007.2,27.5,65.5,4.1,
2007-11-06,1008.3,27.7,65,4.8,
2007-11-07,1008.4,27.9,59.5,4.7,
2007-11-08,1006.8,27.9,67,4.3,
2007-11-09,1005.9,27.8,62.7,3.5,
2007-11-10,1005.7,27.3,65.8,3.5,
2007-11-11,1006.8,27.6,69,3.8,
2007-11-12,1007.9,27.4,69.2,3.5,
2007-11-13,1007.9,27.5,66.5,3.8,
2007-11-14,1008.7,27.2,70,4.6,
2007-11-15,1008.8,27.7,66.5,4,
2007-11-16,null,null,null,null,
2007-11-17,null,null,null,null,
2007-11-18,null,null,null,null,
2007-11-19,null,null,null,null,
2007-11-20,1008.1,27.5,69,3.9,
2007-11-21,1009.2,27.6,74,3.8,
2007-11-22,1009.2,27.7,70.4,3.3,
2007-11-23,1008.4,27.5,72,2.8,
2007-11-24,1007.8,27.5,73.3,3.2,
2007-11-25,1007.8,27.7,69.5,3.4,
2007-11-26,null,null,null,null,
2007-11-27,null,null,null,null,
2007-11-28,null,null,null,null,
2007-11-29,null,null,null,null,
2007-11-30,null,null,null,null,
2007-12-01,null,null,null,null,
2007-12-02,null,null,null,null,
2007-12-03,null,null,null,null,
2007-12-04,null,null,null,null,
2007-12-05,null,null,null,null,
2007-12-06,null,null,null,null,
2007-12-07,null,null,null,null,
2007-12-08,null,null,null,null,
2007-12-09,null,null,null,null,
2007-12-10,null,null,null,null,
2007-12-11,null,null,null,null,
2007-12-12,null,null,null,null,
2007-12-13,null,null,null,null,
2007-12-14,null,null,null,null,
2007-12-15,null,null,null,null,
2007-12-16,null,null,null,null,
2007-12-17,null,null,null,null,
2007-12-18,null,null,null,null,
2007-12-19,null,null,null,null,
2007-12-20,null,null,null,null,
2007-12-21,null,null,null,null,
2007-12-22,null,null,null,null,
2007-12-23,null,null,null,null,
2007-12-24,null,null,null,null,
2007-12-25,null,null,null,null,
2007-12-26,null,null,null,null,
2007-12-27,null,null,null,null,
2007-12-28,null,null,null,null,
2007-12-29,null,null,null,null,
2007-12-30,null,null,null,null,
2007-12-31,null,null,null,null,
2008-01-01,null,null,null,null,
2008-01-02,null,null,null,null,
2008-01-03,null,null,null,null,
2008-01-04,null,null,null,null,
2008-01-05,null,null,null,null,
2008-01-06,null,null,null,null,
2008-01-07,null,null,null,null,
2008-01-08,null,null,null,null,
2008-01-09,null,null,null,null,
2008-01-10,null,null,null,null,
2008-01-11,null,null,null,null,
2008-01-12,null,null,null,null,
2008-01-13,null,null,null,null,
2008-01-14,null,null,null,null,
2008-01-15,null,null,null,null,
2008-01-16,null,null,null,null,
2008-01-17,null,null,null,null,
2008-01-18,null,null,null,null,
2008-01-19,null,null,null,null,
2008-01-20,null,null,null,null,
2008-01-21,null,null,null,null,
2008-01-22,null,null,null,null,
2008-01-23,null,null,null,null,
2008-01-24,null,null,null,null,
2008-01-25,null,null,null,null,
2008-01-26,null,null,null,null,
2008-01-27,null,null,null,null,
2008-01-28,null,null,null,null,
2008-01-29,null,null,null,null,
2008-01-30,null,null,null,null,
2008-01-31,null,null,null,null,
2008-02-01,null,null,null,null,
2008-02-02,null,null,null,null,
2008-02-03,null,null,null,null,
2008-02-04,null,null,null,null,
2008-02-05,null,null,null,null,
2008-02-06,null,null,null,null,
2008-02-07,null,null,null,null,
2008-02-08,null,null,null,null,
2008-02-09,null,null,null,null,
2008-02-10,null,null,null,null,
2008-02-11,null,null,null,null,
2008-02-12,null,null,null,null,
2008-02-13,null,null,null,null,
2008-02-14,null,null,null,null,
2008-02-15,null,null,null,null,
2008-02-16,null,null,null,null,
2008-02-17,null,null,null,null,
2008-02-18,null,null,null,null,
2008-02-19,null,null,null,null,
2008-02-20,null,null,null,null,
2008-02-21,null,null,null,null,
2008-02-22,null,null,null,null,
2008-02-23,null,null,null,null,
2008-02-24,null,null,null,null,
2008-02-25,null,null,null,null,
2008-02-26,null,null,null,null,
2008-02-27,null,null,null,null,
2008-02-28,null,null,null,null,
2008-02-29,null,null,null,null,
2008-03-01,null,null,null,null,
2008-03-02,1005.8,27.4,77,2.1,
2008-03-03,1007.2,27.8,74.8,2,
2008-03-04,1007.5,27.5,77.4,1.7,
2008-03-05,1007.5,26.2,79,1.9,
2008-03-06,1006.1,27.3,76.3,1.7,
2008-03-07,1007.4,25.7,83.3,1.3,
2008-03-08,1008.9,25.3,83.8,1,
2008-03-09,1009.2,25.2,83.1,1.1,
2008-03-10,1008,26.3,79,2,
2008-03-11,1007.8,26.7,78.2,1.7,
2008-03-12,1008.3,26.3,82.1,1.2,
2008-03-13,1008.3,27.2,77.2,1.4,
2008-03-14,1007.6,26.9,78.8,1.7,
2008-03-15,1008.1,25.7,83.9,1.5,
2008-03-16,1008.9,26.5,79.5,1.6,
2008-03-17,1008.8,26.4,78.1,1.7,
2008-03-18,1008.7,25.9,79.6,1.6,
2008-03-19,1008.1,26.6,76.5,1.3,
2008-03-20,1008.2,26.1,79.7,2,
2008-03-21,1008,25.5,81.8,1.4,
2008-03-22,1007.6,26,82.5,1.4,
2008-03-23,1007.4,25.8,85.3,1.3,
2008-03-24,1008.6,25.9,84.7,1.2,
2008-03-25,1008.8,26.1,82,1.5,
2008-03-26,1008,26.1,81.6,2.2,
2008-03-27,1006.6,26.4,79.9,1.6,
2008-03-28,1006.6,25.1,87.3,1,
2008-03-29,1006.4,26.2,81.6,1.8,
2008-03-30,1006.2,25.6,85.1,1.3,
2008-03-31,1006.1,25,86.3,1.6,
2008-04-01,1006,25.3,84.5,1.2,
2008-04-02,1006.2,25.5,84.2,1.4,
2008-04-03,1006.5,25.8,82.9,1.7,
2008-04-04,1006.7,26.6,81.4,1.4,
2008-04-05,null,null,83.6,null,
2008-04-06,null,null,null,null,
2008-04-07,null,null,null,null,
2008-04-08,null,null,null,null,
2008-04-09,null,null,null,null,
2008-04-10,null,null,null,null,
2008-04-11,null,null,null,null,
2008-04-12,null,null,null,null,
2008-04-13,null,null,null,null,
2008-04-14,null,null,null,null,
2008-04-15,null,null,null,null,
2008-04-16,null,null,null,null,
2008-04-17,null,null,null,null,
2008-04-18,null,null,null,null,
2008-04-19,null,null,null,null,
2008-04-20,null,null,null,null,
2008-04-21,null,null,null,null,
2008-04-22,null,null,null,null,
2008-04-23,null,null,null,null,
2008-04-24,null,null,null,null,
2008-04-25,null,null,null,null,
2008-04-26,null,null,null,null,
2008-04-27,null,null,null,null,
2008-04-28,null,null,null,null,
2008-04-29,null,null,null,null,
2008-04-30,null,null,null,null,
2008-05-01,null,null,null,null,
2008-05-02,null,null,null,null,
2008-05-03,null,null,null,null,
2008-05-04,null,null,null,null,
2008-05-05,null,null,null,null,
2008-05-06,null,null,null,null,
2008-05-07,null,null,null,null,
2008-05-08,null,null,null,null,
2008-05-09,null,null,null,null,
2008-05-10,null,null,null,null,
2008-05-11,null,null,null,null,
2008-05-12,null,null,null,null,
2008-05-13,null,null,null,null,
2008-05-14,null,null,null,null,
2008-05-15,null,null,null,null,
2008-05-16,null,null,null,null,
2008-05-17,null,null,null,null,
2008-05-18,null,null,null,null,
2008-05-19,null,null,null,null,
2008-05-20,null,null,null,null,
2008-05-21,null,null,null,null,
2008-05-22,null,null,null,null,
2008-05-23,null,null,null,null,
2008-05-24,null,null,null,null,
2008-05-25,null,null,null,null,
2008-05-26,null,null,null,null,
2008-05-27,null,null,null,null,
2008-05-28,null,null,null,null,
2008-05-29,null,null,null,null,
2008-05-30,null,null,null,null,
2008-05-31,null,null,null,null,
2008-06-01,null,null,null,null,
2008-06-02,null,null,null,null,
2008-06-03,null,null,null,null,
2008-06-04,null,null,null,null,
2008-06-05,null,null,null,null,
2008-06-06,null,null,null,null,
2008-06-07,1011.1,26.5,75.8,2.2,
2008-06-08,1009.3,24.7,82.4,2.2,
2008-06-09,1009.4,25.4,80.5,2.5,
2008-06-10,null,null,null,null,
2008-06-11,null,null,null,null,
2008-06-12,null,null,null,null,
2008-06-13,null,null,null,null,
2008-06-14,null,null,null,null,
2008-06-15,null,null,null,null,
2008-06-16,null,null,null,null,
2008-06-17,null,null,null,null,
2008-06-18,null,null,null,null,
2008-06-19,null,null,null,null,
2008-06-20,null,null,null,null,
2008-06-21,null,null,null,null,
2008-06-22,null,null,null,null,
2008-06-23,null,null,null,null,
2008-06-24,null,null,null,null,
2008-06-25,null,null,null,null,
2008-06-26,null,null,null,null,
2008-06-27,null,null,null,null,
2008-06-28,null,null,null,null,
2008-06-29,null,null,null,null,
2008-06-30,null,null,null,null,
2008-07-01,null,null,null,null,
2008-07-02,null,null,null,null,
2008-07-03,null,null,null,null,
2008-07-04,null,null,null,null,
2008-07-05,null,null,null,null,
2008-07-06,null,null,null,null,
2008-07-07,null,null,null,null,
2008-07-08,null,null,null,null,
2008-07-09,null,null,null,null,
2008-07-10,null,null,null,null,
2008-07-11,null,null,null,null,
2008-07-12,null,null,null,null,
2008-07-13,null,null,null,null,
2008-07-14,null,null,null,null,
2008-07-15,null,null,null,null,
2008-07-16,null,null,null,null,
2008-07-17,null,null,null,null,
2008-07-18,null,null,null,null,
2008-07-19,null,null,null,null,
2008-07-20,null,null,null,null,
2008-07-21,null,null,null,null,
2008-07-22,null,null,null,null,
2008-07-23,null,null,null,null,
2008-07-24,null,null,null,null,
2008-07-25,null,null,null,null,
2008-07-26,null,null,null,null,
2008-07-27,null,null,null,null,
2008-07-28,null,null,null,null,
2008-07-29,null,null,null,null,
2008-07-30,null,null,null,null,
2008-07-31,null,null,null,null,
2008-08-01,null,null,null,null,
2008-08-02,null,null,null,null,
2008-08-03,null,null,null,null,
2008-08-04,null,null,null,null,
2008-08-05,null,null,null,null,
2008-08-06,null,null,null,null,
2008-08-07,null,null,null,null,
2008-08-08,null,null,null,null,
2008-08-09,null,null,null,null,
2008-08-10,null,null,null,null,
2008-08-11,null,null,null,null,
2008-08-12,null,null,null,null,
2008-08-13,null,null,null,null,
2008-08-14,null,null,null,null,
2008-08-15,null,null,null,null,
2008-08-16,null,null,null,null,
2008-08-17,null,null,null,null,
2008-08-18,null,null,null,null,
2008-08-19,null,null,null,null,
2008-08-20,null,null,null,null,
2008-08-21,null,null,null,null,
2008-08-22,null,null,null,null,
2008-08-23,null,null,null,null,
2008-08-24,null,null,null,null,
2008-08-25,null,null,null,null,
2008-08-26,null,null,null,null,
2008-08-27,null,null,null,null,
2008-08-28,null,null,null,null,
2008-08-29,null,null,null,null,
2008-08-30,null,null,null,null,
2008-08-31,null,null,null,null,
2008-09-01,null,null,null,null,
2008-09-02,null,null,null,null,
2008-09-03,null,null,null,null,
2008-09-04,null,null,null,null,
2008-09-05,null,null,null,null,
2008-09-06,null,null,null,null,
2008-09-07,null,null,null,null,
2008-09-08,null,null,null,null,
2008-09-09,null,null,null,null,
2008-09-10,null,null,null,null,
2008-09-11,null,null,null,null,
2008-09-12,null,null,null,null,
2008-09-13,null,null,null,null,
2008-09-14,null,null,null,null,
2008-09-15,null,null,null,null,
2008-09-16,null,null,null,null,
2008-09-17,null,null,null,null,
2008-09-18,null,null,null,null,
2008-09-19,null,null,null,null,
2008-09-20,null,null,null,null,
2008-09-21,null,null,null,null,
2008-09-22,null,null,null,null,
2008-09-23,null,null,null,null,
2008-09-24,null,null,null,null,
2008-09-25,null,null,null,null,
2008-09-26,null,null,null,null,
2008-09-27,null,null,null,null,
2008-09-28,null,null,null,null,
2008-09-29,null,null,null,null,
2008-09-30,null,null,null,null,
2008-10-01,null,null,null,null,
2008-10-02,null,null,null,null,
2008-10-03,null,null,null,null,
2008-10-04,null,null,null,null,
2008-10-05,null,null,null,null,
2008-10-06,null,null,null,null,
2008-10-07,null,null,null,null,
2008-10-08,null,null,null,null,
2008-10-09,null,null,null,null,
2008-10-10,null,null,null,null,
2008-10-11,null,null,null,null,
2008-10-12,null,null,null,null,
2008-10-13,null,null,null,null,
2008-10-14,null,null,null,null,
2008-10-15,null,null,null,null,
2008-10-16,null,null,null,null,
2008-10-17,null,null,null,null,
2008-10-18,null,null,null,null,
2008-10-19,null,null,null,null,
2008-10-20,null,null,null,null,
2008-10-21,null,null,null,null,
2008-10-22,null,null,null,null,
2008-10-23,null,null,null,null,
2008-10-24,null,null,null,null,
2008-10-25,null,null,null,null,
2008-10-26,null,null,null,null,
2008-10-27,null,null,null,null,
2008-10-28,null,null,null,null,
2008-10-29,null,null,null,null,
2008-10-30,null,null,null,null,
2008-10-31,null,null,null,null,
2008-11-01,null,null,null,null,
2008-11-02,null,null,null,null,
2008-11-03,null,null,null,null,
2008-11-04,null,null,null,null,
2008-11-05,null,null,null,null,
2008-11-06,null,null,null,null,
2008-11-07,null,null,null,null,
2008-11-08,null,null,null,null,
2008-11-09,null,null,null,null,
2008-11-10,null,null,null,null,
2008-11-11,null,null,null,null,
2008-11-12,null,null,null,null,
2008-11-13,null,null,null,null,
2008-11-14,null,null,null,null,
2008-11-15,null,null,null,null,
2008-11-16,null,null,null,null,
2008-11-17,null,null,null,null,
2008-11-18,null,null,null,null,
2008-11-19,null,null,null,null,
2008-11-20,null,null,null,null,
2008-11-21,null,null,null,null,
2008-11-22,null,null,null,null,
2008-11-23,null,null,null,null,
2008-11-24,null,null,null,null,
2008-11-25,null,null,null,null,
2008-11-26,null,null,null,null,
2008-11-27,null,null,null,null,
2008-11-28,null,null,null,null,
2008-11-29,null,null,null,null,
2008-11-30,null,null,null,null,
2008-12-01,null,null,null,null,
2008-12-02,null,null,null,null,
2008-12-03,null,null,null,null,
2008-12-04,null,null,null,null,
2008-12-05,null,null,null,null,
2008-12-06,null,null,null,null,
2008-12-07,null,null,null,null,
2008-12-08,null,null,null,null,
2008-12-09,null,null,null,null,
2008-12-10,null,null,null,null,
2008-12-11,null,null,null,null,
2008-12-12,null,null,null,null,
2008-12-13,null,null,null,null,
2008-12-14,null,null,null,null,
2008-12-15,null,null,null,null,
2008-12-16,null,null,61.4,null,
2008-12-17,1006.3,28.1,69.9,3,
2008-12-18,1006.2,28.6,66.5,3.4,
2008-12-19,1005.2,28.3,66.6,3.2,
2008-12-20,1005.7,27.8,71.8,3.3,
2008-12-21,1007.3,27.6,68.5,2.7,
2008-12-22,1008.3,28.2,65.1,3.2,
2008-12-23,1008.2,27.6,67.1,2.3,
2008-12-24,1007.1,27.8,66.5,2.2,
2008-12-25,1005.8,28.1,69,2.6,
2008-12-26,1005.9,28.4,67.1,2.7,
2008-12-27,1006.2,28.2,69.2,2.4,
2008-12-28,1006.3,28.3,70.2,3.3,
2008-12-29,1006.6,28.2,67.8,3.5,
2008-12-30,1007.4,28.2,67.7,3.6,
2008-12-31,1007.9,28,66.4,2.8,
2009-01-01,1007.8,28.4,69,3.3,
2009-01-02,1008,28.1,69,2.6,
2009-01-03,1007.6,27.9,68.5,2.1,
2009-01-04,1007.3,28.1,68.8,2.4,
2009-01-05,1007.7,28.3,68.1,2.2,
2009-01-06,1007,28.3,69.6,3,
2009-01-07,1007.2,28.5,65,3.2,
2009-01-08,1007.2,28.2,66.8,2.9,
2009-01-09,1009.1,28.1,65,2.7,
2009-01-10,1009.8,27.6,69.1,2.7,
2009-01-11,1008.4,28.1,66.4,3.4,
2009-01-12,1008,28,66,3.1,
2009-01-13,1008.1,27.9,67.8,2.4,
2009-01-14,1008.2,26.9,74.4,2.3,
2009-01-15,1008.7,27.9,68.3,2.2,
2009-01-16,1009,27.1,76.1,1.8,
2009-01-17,1008.1,27.3,76.6,2.3,
2009-01-18,1008.7,28.5,70.4,3.1,
2009-01-19,1009.1,27.1,77.5,2.1,
2009-01-20,1008.3,27.2,76.6,1.5,
2009-01-21,1009.4,24.6,87.5,.8,
2009-01-22,1009.2,null,79,1.8,
2009-01-23,1009,26.9,77.3,1.3,
2009-01-24,1007.6,27,76.7,1.3,
2009-01-25,1007.3,26.2,80.5,1.7,
2009-01-26,1008.5,27.1,73.6,2.3,
2009-01-27,1008.7,27.6,70.4,2.8,
2009-01-28,1008.1,27.8,71.4,2.3,
2009-01-29,1008.3,26.2,83.2,1.3,
2009-01-30,1008.5,26.8,79.4,1.3,
2009-01-31,1008.3,26.7,79.4,1.2,
2009-02-01,1008.2,25.2,87.9,.8,
2009-02-02,1008,null,81.2,1.8,
2009-02-03,1008.6,27.1,78.2,1.9,
2009-02-04,1009.4,26.3,80.4,1.9,
2009-02-05,1009,27,75.7,1.9,
2009-02-06,1009.4,28.1,71,2.5,
2009-02-07,1009.5,28.1,69.5,2.5,
2009-02-08,1008.3,27.7,69.5,2.2,
2009-02-09,1007.7,27.5,70.7,2.4,
2009-02-10,1008.1,27.9,72.7,2.6,
2009-02-11,1008.1,28.1,73.8,2.2,
2009-02-12,1007.2,28.2,72.6,2,
2009-02-13,1006,28,70.7,2.6,
2009-02-14,1006,26.9,78.9,1.7,
2009-02-15,1006.1,27.7,75.1,2.5,
2009-02-16,1006.1,27.5,74.5,2.1,
2009-02-17,1006.5,27.5,75.2,1.7,
2009-02-18,1007,27.1,75.5,1.8,
2009-02-19,1006.9,26.9,75.8,1.3,
2009-02-20,1006.4,26.5,79.3,1.1,
2009-02-21,1006.5,25.9,82.8,1.3,
2009-02-22,1007.3,25.7,85.8,.9,
2009-02-23,1008.4,23.1,92,.9,
2009-02-24,1006.5,25.8,77.7,2.1,
2009-02-25,1006.6,26.3,80.9,1.5,
2009-02-26,1006.2,26,81.5,1.7,
2009-02-27,1007.5,24.5,89.4,.8,
2009-02-28,1007.7,26.3,80.2,.9,
2009-03-01,1008.5,25.4,87.6,.8,
2009-03-02,1008.5,26,83.9,1,
2009-03-03,1008.7,25.4,87,1.2,
2009-03-04,1007.9,25.4,86.4,1.6,
2009-03-05,1007.9,25.1,88.5,.6,
2009-03-06,1008.1,27,79.6,1.2,
2009-03-07,1008.2,25.5,85.9,.7,
2009-03-08,1008.1,26.1,82.1,1.3,
2009-03-09,1007,27,79,1.9,
2009-03-10,1007.3,27.4,75.4,1.6,
2009-03-11,1007.1,25.3,87.3,.7,
2009-03-12,1007,25.8,85.6,1.1,
2009-03-13,1006.7,26.8,81,1.4,
2009-03-14,1007.8,26.6,82.9,.9,
2009-03-15,1008.8,26.1,84.3,.8,
2009-03-16,1008.5,25.6,85.8,1.3,
2009-03-17,1008.6,25.1,86.6,.8,
2009-03-18,1008.2,26.6,78.9,1.2,
2009-03-19,1007.5,26.6,78.8,1.3,
2009-03-20,1007,27.2,75.1,1.6,
2009-03-21,1006.7,27.4,76.6,2,
2009-03-22,1005.9,26.1,86.9,1.1,
2009-03-23,1006.1,26.1,85.5,1.9,
2009-03-24,1006.3,25.9,86.6,1.3,
2009-03-25,1006,26.7,83,1.3,
2009-03-26,1006.4,25.4,87.4,1.2,
2009-03-27,1006.8,26.1,84.9,.9,
2009-03-28,1007.4,25.2,89.1,.9,
2009-03-29,1007.1,26,83.3,1,
2009-03-30,1006.8,25.9,86.8,.8,
2009-03-31,1006.7,26.6,82.5,.9,
2009-04-01,1007.4,26.7,80.5,1.5,
2009-04-02,1007.1,26.9,79,1.2,
2009-04-03,1007.1,26.4,82.6,1,
2009-04-04,1007.6,26.3,82.8,1.4,
2009-04-05,1008.1,26.9,78.8,.9,
2009-04-06,1008.6,26.2,82.5,.9,
2009-04-07,1008.9,27.1,78.1,1.1,
2009-04-08,1008,26.5,83,1,
2009-04-09,1008,25.1,89.7,.9,
2009-04-10,1008.9,25.8,84.3,1.9,
2009-04-11,1008.2,26.2,81.4,1.2,
2009-04-12,1008.4,26.2,82.6,1.2,
2009-04-13,1009.8,24.5,89.9,.9,
2009-04-14,1010,26.2,81.1,1.5,
2009-04-15,1010.3,25.1,89.3,.8,
2009-04-16,1010.3,24.5,91.3,.9,
2009-04-17,1009.2,25.3,87.8,1.6,
2009-04-18,1007.9,26.2,84.6,1.5,
2009-04-19,1008,27.1,78.8,1.9,
2009-04-20,1009.3,25,88.4,1.3,
2009-04-21,1009.2,25.5,87.2,1.3,
2009-04-22,1008.1,26.2,83.3,.9,
2009-04-23,1007.3,25.9,86.2,.8,
2009-04-24,1007.6,25.9,86,.7,
2009-04-25,1009.5,24.7,89.3,.7,
2009-04-26,1008.8,26.6,79.3,.9,
2009-04-27,1008.7,24.5,90.5,1,
2009-04-28,1008.5,26,82.1,.9,
2009-04-29,1008.4,26.2,83.9,.9,
2009-04-30,1009.5,24.7,90.3,.6,
2009-05-01,1008.5,26.7,81.6,.8,
2009-05-02,1008.1,24.7,90.7,.9,
2009-05-03,1009.1,24,90,.9,
2009-05-04,1008.6,26.3,79.6,1.8,
2009-05-05,1009.9,26,83.3,1.3,
2009-05-06,1010,26.1,84.4,.9,
2009-05-07,1009,26.6,81.8,1,
2009-05-08,1009.2,25.3,88.7,.6,
2009-05-09,1009.2,26.3,81.1,1.2,
2009-05-10,1008,26.8,80.1,.8,
2009-05-11,1008.2,25.2,86.5,1.3,
2009-05-12,1008.2,26.7,79.6,1,
2009-05-13,1008,25.9,84.8,.7,
2009-05-14,1007.5,26.4,82.8,1.4,
2009-05-15,1007.1,26.6,82.3,1,
2009-05-16,1007.3,26.8,79.5,.9,
2009-05-17,1008,26.4,84.5,1.4,
2009-05-18,1009.2,25.2,90,1.1,
2009-05-19,1009.4,25.6,86.4,.9,
2009-05-20,1008.6,25.9,83.8,1.2,
2009-05-21,1009.4,24.9,89.7,1,
2009-05-22,1009.1,25.8,85.3,1.5,
2009-05-23,1010,24.5,92.2,1.2,
2009-05-24,1008.7,26.3,81.9,1.9,
2009-05-25,1008.7,24.9,90.1,1,
2009-05-26,1009.2,24.9,90.2,.5,
2009-05-27,1009.1,25,88.2,1.1,
2009-05-28,1009,26,82.9,1.6,
2009-05-29,1008.8,26.3,80,2.1,
2009-05-30,1009,26.4,81.1,1.8,
2009-05-31,1008.8,26.5,81.7,1.4,
2009-06-01,1008.7,27.1,80,1.2,
2009-06-02,1009.5,25,89,1,
2009-06-03,1010,26.3,82,1.5,
2009-06-04,1010.8,26.5,82.3,2,
2009-06-05,1010.3,26.3,80.4,2.3,
2009-06-06,1009.7,26.6,81.7,2,
2009-06-07,1008.8,26.5,75.5,2.1,
2009-06-08,1008.5,26.2,78.5,2,
2009-06-09,1009.8,25.5,78.9,1.9,
2009-06-10,1010.7,26,82,2.1,
2009-06-11,1011.3,25.3,83.1,1.8,
2009-06-12,1010.8,26.5,78.8,1.7,
2009-06-13,1009.8,26.5,79.8,1.7,
2009-06-14,1009.4,26.4,81.4,2,
2009-06-15,1009.6,26.1,77.1,2,
2009-06-16,1009.7,26.6,74.8,1.9,
2009-06-17,1009.9,26.2,75.3,1.7,
2009-06-18,1009.8,26.3,77.3,1.9,
2009-06-19,1010.1,26.4,79.9,2.1,
2009-06-20,1009.9,26.4,77.4,2.2,
2009-06-21,1009.2,26.7,73.6,2.2,
2009-06-22,1008.5,26.2,77.2,2.3,
2009-06-23,1010.2,23.2,90.8,2,
2009-06-24,1010.2,24.7,86.6,1.3,
2009-06-25,1011.5,24.8,84.6,1.8,
2009-06-26,1012.3,25.6,80.2,1.9,
2009-06-27,1012.4,26,78.9,1.9,
2009-06-28,1012,25.4,81,1.8,
2009-06-29,1010.5,26,77,2.5,
2009-06-30,1009.9,26.1,73.9,2.1,
2009-07-01,1009.6,25.5,79.1,1.9,
2009-07-02,1010,25.9,79.3,2,
2009-07-03,1010.1,26.4,76,2.5,
2009-07-04,1010.2,26.2,74,2.2,
2009-07-05,1010.7,25.7,75.7,2.5,
2009-07-06,1011.5,24.6,84.4,1.9,
2009-07-07,1011.1,24.7,83.6,1.7,
2009-07-08,1011.2,25.3,75,2.1,
2009-07-09,1010.7,25.5,76.8,2.3,
2009-07-10,1009.8,25.5,79.9,2.5,
2009-07-11,1010,25.6,78.8,2.9,
2009-07-12,1010.9,25.5,82.4,1.8,
2009-07-13,1011.3,26.5,77.9,2.5,
2009-07-14,1012.2,27,71.4,2.7,
2009-07-15,1011.5,26.5,73.4,2.6,
2009-07-16,1011,26.3,77.1,2.8,
2009-07-17,1011.8,25.7,78.3,2.4,
2009-07-18,1011.7,25.6,78.7,2.2,
2009-07-19,1010.8,25.8,79.4,1.5,
2009-07-20,1010.7,25.9,79.8,1.4,
2009-07-21,1010.1,26.1,79.3,2.7,
2009-07-22,1010.4,25.5,81.8,2,
2009-07-23,1010.2,23.9,90.2,1.6,
2009-07-24,1010.5,25.9,78.6,2.1,
2009-07-25,1011.1,25.9,77.1,2.5,
2009-07-26,1011.2,26.3,72.1,2.4,
2009-07-27,1011.1,26.4,73,2,
2009-07-28,1010.9,26,74.4,1.9,
2009-07-29,1010.6,26,76,2.1,
2009-07-30,1011.6,26.5,74.5,2.6,
2009-07-31,1011.8,26.7,71.3,3,
2009-08-01,1011.7,25.8,74.9,2.3,
2009-08-02,1011.5,25.9,74.3,2.4,
2009-08-03,1011.9,27.1,67.7,2.9,
2009-08-04,1011.5,26.2,70.5,3.1,
2009-08-05,1010.9,26.6,72.3,3.1,
2009-08-06,1011.1,26.6,72,2.7,
2009-08-07,1011.4,26.7,74.6,3.2,
2009-08-08,1011.9,26.7,66,3.6,
2009-08-09,1011.4,26.4,69.4,2.5,
2009-08-10,1011.5,26.4,71.5,2.6,
2009-08-11,1011.5,26.3,75.1,2.5,
2009-08-12,1011.9,26.9,69.3,3,
2009-08-13,1011.2,26.7,67.2,2.5,
2009-08-14,1010.2,26.5,70.6,2.7,
2009-08-15,1009.7,26,71.5,2.7,
2009-08-16,1009.7,26.1,68.2,3,
2009-08-17,1009.8,26,67.4,3.2,
2009-08-18,1009.8,26.2,72.6,2.3,
2009-08-19,1009.2,25.7,76.2,2,
2009-08-20,1009.2,25.9,76.1,2.3,
2009-08-21,1009.1,26.4,77.9,2.8,
2009-08-22,1008.3,26.9,74.7,3.7,
2009-08-23,1009.4,26.5,74.4,3.7,
2009-08-24,1009.7,25.5,79.6,2.6,
2009-08-25,1009.6,26.2,76.7,2.4,
2009-08-26,1010.7,24.1,85.9,2.1,
2009-08-27,1011.9,25.8,76.1,2.2,
2009-08-28,1011.4,26.2,76,2.4,
2009-08-29,1010.6,27,72.2,2.7,
2009-08-30,1010.2,27.2,65.8,3.5,
2009-08-31,1010.6,26.7,64.9,3.2,
2009-09-01,1011.3,26.9,66,3.1,
2009-09-02,1011.7,26.9,69.2,3.8,
2009-09-03,1012.2,27.4,66.9,3.3,
2009-09-04,1011.7,26.6,72.3,3.2,
2009-09-05,1011.7,27.1,69.3,3.6,
2009-09-06,1012.3,26.8,70.7,3.6,
2009-09-07,1011.6,26.7,69.9,3.3,
2009-09-08,1009.8,27.1,69.6,3.2,
2009-09-09,1010.4,27,69.3,3.3,
2009-09-10,1011.4,27.1,66.2,3.5,
2009-09-11,1011.8,26.5,67.8,2.8,
2009-09-12,1011.1,27.1,69.3,3.1,
2009-09-13,1011.3,27.1,69.8,3.2,
2009-09-14,1012,27,72.7,3.3,
2009-09-15,1011.9,27.1,71.5,3,
2009-09-16,1010.6,27,72,3.4,
2009-09-17,1009.8,27.4,66.5,3.3,
2009-09-18,1009.7,26.9,69.9,3,
2009-09-19,1011.2,27.2,69.1,3.2,
2009-09-20,1011.7,27.3,67.5,3.1,
2009-09-21,1010.1,26.5,72.7,2,
2009-09-22,1008.5,27.3,70.4,2.9,
2009-09-23,1009.2,27.3,68.8,3.7,
2009-09-24,1009.8,27.2,66.8,3.5,
2009-09-25,1009.8,27.3,67.7,3.5,
2009-09-26,1010.7,27.4,66.8,3.7,
2009-09-27,1010.4,27.5,66.3,3.8,
2009-09-28,1011.2,27.7,65.8,3.7,
2009-09-29,1010.9,27.7,69,3.9,
2009-09-30,1011.2,27,69,2.6,
2009-10-01,1011.6,27.2,67.3,2.9,
2009-10-02,1010.7,27.2,67.3,3.5,
2009-10-03,1010.6,27,65.2,3.4,
2009-10-04,1009.7,26.9,69.5,3.3,
2009-10-05,1010,26.9,69.3,3,
2009-10-06,1010.5,27.1,70.2,2.9,
2009-10-07,null,null,63.5,null,
2009-10-08,1010.9,27.1,64.8,3.1,
2009-10-09,1009.3,26.3,68.5,2.6,
2009-10-10,1009,26.8,68.9,2.8,
2009-10-11,null,null,65.9,null,
2009-10-12,1008.6,27,67.5,2.6,
2009-10-13,1008.6,26.7,69.1,2.6,
2009-10-14,1007.6,27.3,65.8,3.2,
2009-10-15,1007.5,27.5,69.3,3.1,
2009-10-16,1008.7,27.6,65.5,3.4,
2009-10-17,1009.1,27.6,68.3,3.4,
2009-10-18,1008.3,27.4,66,3.5,
2009-10-19,1008.1,27.3,64.9,3.5,
2009-10-20,1008.4,27.4,66.2,3.2,
2009-10-21,1008.6,26.9,65.1,2.7,
2009-10-22,1007.6,27.3,64.8,3.1,
2009-10-23,1008.5,27.3,66.1,2.7,
2009-10-24,1008.1,26.8,73.1,2,
2009-10-25,1007.7,27.1,72.4,2.6,
2009-10-26,1007.9,27.7,68,3.1,
2009-10-27,1008.5,27.3,68.6,3.5,
2009-10-28,1008.1,26.8,70,3.7,
2009-10-29,1007.6,27.5,65.5,3.9,
2009-10-30,1006.6,26.9,67.3,2.8,
2009-10-31,1007,26.7,69.6,3,
2009-11-01,1007,27.7,65.5,4.1,
2009-11-02,1007.9,27.5,66.2,3.4,
2009-11-03,1007.9,27.5,67.1,3.6,
2009-11-04,1009,27.8,67.5,3.5,
2009-11-05,1010.1,27.9,68.5,3.6,
2009-11-06,1008.5,28.2,65.8,4.1,
2009-11-07,1007.6,28,65.6,3.7,
2009-11-08,1007.8,28,69.1,3.1,
2009-11-09,1007.9,27.8,70.3,3.4,
2009-11-10,1008.1,27.8,68.5,3.3,
2009-11-11,1007,27.5,67.7,3.2,
2009-11-12,1005.9,27.5,69.1,3.6,
2009-11-13,1007,27.1,69.5,3.5,
2009-11-14,1008.3,27.2,66.1,3.2,
2009-11-15,1007.6,27.5,70.7,2.9,
2009-11-16,1007.2,27.7,69.2,3.3,
2009-11-17,1008,27.7,68.5,2.7,
2009-11-18,1008.8,27.3,71,3.3,
2009-11-19,1008.8,27.4,69,3.7,
2009-11-20,1009.2,27.7,62.4,3.9,
2009-11-21,1009.9,27.3,62.7,3.8,
2009-11-22,1009.1,27.7,66.8,3.8,
2009-11-23,1007.8,27.3,67.3,2.5,
2009-11-24,1007.3,27.7,64.9,2.6,
2009-11-25,1008.2,27.7,66.4,3.1,
2009-11-26,1009.4,27.7,67.1,2.8,
2009-11-27,1008.7,28,66.4,3.4,
2009-11-28,1007.5,28.1,68.2,4,
2009-11-29,1007.3,28.2,68,3.8,
2009-11-30,1007.5,28.1,69.4,3.6,
2009-12-01,1007.4,27.7,72.1,3.3,
2009-12-02,1007.8,27.6,70.1,3.2,
2009-12-03,1008.1,27.8,68.4,3.1,
2009-12-04,1007.5,27.9,69.6,3.4,
2009-12-05,1007.4,27.7,73.6,3.2,
2009-12-06,1008,28.1,70.7,3.5,
2009-12-07,1007.9,28.5,68.3,3.5,
2009-12-08,1007.8,28.2,67,3.8,
2009-12-09,1008.2,27.5,68.1,3,
2009-12-10,1008.3,28.1,68.6,3.2,
2009-12-11,1008.4,27.4,73.9,2.6,
2009-12-12,1009,27.2,73.3,2.2,
2009-12-13,1007.9,26.7,77.2,1.9,
2009-12-14,1007.3,27.7,72.1,2.6,
2009-12-15,1007.2,27.5,72.1,3,
2009-12-16,null,null,73.4,null,
2009-12-17,null,null,null,null,
2009-12-18,null,null,null,null,
2009-12-19,null,null,null,null,
2009-12-20,null,null,null,null,
2009-12-21,null,null,null,null,
2009-12-22,null,null,74.7,null,
2009-12-23,1010.4,null,73.9,null,
2009-12-24,1009.9,null,76.9,2.1,
2009-12-25,1008.9,null,73.7,null,
2009-12-26,null,null,73.4,null,
2009-12-27,null,null,null,null,
2009-12-28,1007.6,28.2,71.1,null,
2009-12-29,1007,null,73.1,2.5,
2009-12-30,1007.9,null,70.1,2.7,
2009-12-31,1008.2,27.6,73,1.5,
2010-01-01,1007.9,27.6,72.7,1.6,
2010-01-02,1008.2,26.6,77.4,1.7,
2010-01-03,null,null,87.3,null,
2010-01-04,null,null,68,null,
2010-01-05,1008.7,null,69.7,2.5,
2010-01-06,1007.5,null,69.8,2.3,
2010-01-07,null,null,73.8,null,
2010-01-08,1008.4,null,71.9,2.7,
2010-01-09,1008,27.5,75.5,2.2,
2010-01-10,1008,null,75.3,2.5,
2010-01-11,1008.2,28.1,71.5,2.8,
2010-01-12,null,null,68.5,null,
2010-01-13,null,null,64.7,null,
2010-01-14,null,null,65.5,null,
2010-01-15,null,null,62.1,null,
2010-01-16,1010.4,null,62.4,3.5,
2010-01-17,1010,null,60.5,3.3,
2010-01-18,null,null,65.6,null,
2010-01-19,null,null,63.4,null,
2010-01-20,null,null,69.1,null,
2010-01-21,1009,null,68.8,2.9,
2010-01-22,1007.9,null,68.5,2.9,
2010-01-23,1006.9,null,67.3,3.2,
2010-01-24,1006.9,null,68.2,3,
2010-01-25,null,null,68.1,null,
2010-01-26,1006.9,28.3,73.4,2.6,
2010-01-27,1006.5,null,73.7,2.7,
2010-01-28,1006.7,27,79,2.7,
2010-01-29,1006.8,28.5,70.8,3.1,
2010-01-30,1007.1,28.7,70.5,3.3,
2010-01-31,1007.6,29.1,69.7,3.5,
2010-02-01,1008.5,28.9,69.5,3.6,
2010-02-02,1008.4,28.6,72.5,3.5,
2010-02-03,1007.9,29,68.8,3.6,
2010-02-04,1007.5,29.1,68.5,3.6,
2010-02-05,1006.8,29.3,67.8,3.6,
2010-02-06,1007.5,29.1,68.7,3.6,
2010-02-07,1006.5,28.9,70.4,3,
2010-02-08,1007,28.9,71.8,3.1,
2010-02-09,1006.2,28.6,75,2,
2010-02-10,1005.6,26.9,80.4,1.8,
2010-02-11,1005.3,28,72.9,2.8,
2010-02-12,1006.7,28.7,71.1,3,
2010-02-13,1007.9,27.5,74.6,2.2,
2010-02-14,1007.6,27.5,76.8,2.2,
2010-02-15,1007.7,27.2,80.3,2.5,
2010-02-16,1007.7,28.2,72.8,3.1,
2010-02-17,1008,28.1,74.1,2.7,
2010-02-18,1008.4,28.2,73.2,3.2,
2010-02-19,1009.1,28.6,73.5,3.2,
2010-02-20,1007.4,29.2,70.8,3.9,
2010-02-21,1007.2,29,68.3,3.3,
2010-02-22,1007.6,28.8,73.8,2.4,
2010-02-23,1007.6,28.8,73.4,2.6,
2010-02-24,1007.6,28.7,73.4,2.7,
2010-02-25,1007.3,28.4,75.3,2.3,
2010-02-26,1006.6,29.3,71.6,2.9,
2010-02-27,1007.5,29.3,69.8,3.1,
2010-02-28,1008.6,28.9,68.8,2.5,
2010-03-01,1008.6,28.4,71.6,2.3,
2010-03-02,1008.7,28.5,71.1,2.3,
2010-03-03,1008.6,29.1,70.5,2.5,
2010-03-04,1008,null,70,2.3,
2010-03-05,1007,null,68.3,2.6,
2010-03-06,1006.2,29.1,71.1,2.5,
2010-03-07,1007.3,29.4,68.9,2.5,
2010-03-08,1008.2,28.9,67.6,2.1,
2010-03-09,1007.9,29.5,67,2.9,
2010-03-10,1007.6,29.5,65.3,2.9,
2010-03-11,1006.4,28.3,72.5,1.9,
2010-03-12,1006.7,29.4,70,3,
2010-03-13,1008.9,29.1,71.7,2.6,
2010-03-14,1009.4,29.2,71,3.1,
2010-03-15,1008,28.8,72.4,3.2,
2010-03-16,1007.6,29.5,65.5,4.1,
2010-03-17,1007.7,28.5,69.8,2.6,
2010-03-18,1008.7,28.7,70.3,2.2,
2010-03-19,1009.6,27.9,77.3,1.8,
2010-03-20,1008.7,null,85.9,.9,
2010-03-21,null,null,null,null,
2010-03-22,null,null,null,null,
2010-03-23,null,null,null,null,
2010-03-24,null,null,null,null,
2010-03-25,null,null,null,null,
2010-03-26,null,null,null,null,
2010-03-27,null,null,null,null,
2010-03-28,null,null,null,null,
2010-03-29,null,null,null,null,
2010-03-30,null,null,null,null,
2010-03-31,null,null,null,null,
2010-04-01,null,null,null,null,
2010-04-02,null,null,null,null,
2010-04-03,null,null,null,null,
2010-04-04,null,null,null,null,
2010-04-05,null,null,null,null,
2010-04-06,null,null,null,null,
2010-04-07,null,null,null,null,
2010-04-08,null,null,null,null,
2010-04-09,null,null,null,null,
2010-04-10,null,null,null,null,
2010-04-11,null,null,null,null,
2010-04-12,null,null,null,null,
2010-04-13,null,null,null,null,
2010-04-14,null,null,null,null,
2010-04-15,null,null,null,null,
2010-04-16,null,null,null,null,
2010-04-17,null,null,null,null,
2010-04-18,null,null,null,null,
2010-04-19,null,null,null,null,
2010-04-20,null,null,null,null,
2010-04-21,null,null,null,null,
2010-04-22,null,null,null,null,
2010-04-23,null,null,null,null,
2010-04-24,null,null,null,null,
2010-04-25,null,null,null,null,
2010-04-26,null,null,null,null,
2010-04-27,null,null,null,null,
2010-04-28,null,null,null,null,
2010-04-29,null,null,null,null,
2010-04-30,null,null,null,null,
2010-05-01,null,null,null,null,
2010-05-02,null,null,null,null,
2010-05-03,null,null,null,null,
2010-05-04,null,null,null,null,
2010-05-05,null,null,null,null,
2010-05-06,null,null,null,null,
2010-05-07,null,null,null,null,
2010-05-08,null,null,null,null,
2010-05-09,null,null,null,null,
2010-05-10,null,null,null,null,
2010-05-11,null,null,null,null,
2010-05-12,null,null,null,null,
2010-05-13,null,null,null,null,
2010-05-14,null,null,null,null,
2010-05-15,null,null,null,null,
2010-05-16,null,null,null,null,
2010-05-17,null,null,null,null,
2010-05-18,null,null,null,null,
2010-05-19,null,null,null,null,
2010-05-20,null,null,null,null,
2010-05-21,null,null,null,null,
2010-05-22,null,null,null,null,
2010-05-23,null,null,null,null,
2010-05-24,null,null,null,null,
2010-05-25,null,null,null,null,
2010-05-26,null,null,null,null,
2010-05-27,null,null,null,null,
2010-05-28,null,null,null,null,
2010-05-29,null,null,null,null,
2010-05-30,null,null,null,null,
2010-05-31,null,null,null,null,
2010-06-01,null,null,null,null,
2010-06-02,null,null,null,null,
2010-06-03,null,null,null,null,
2010-06-04,null,null,null,null,
2010-06-05,null,null,null,null,
2010-06-06,null,null,null,null,
2010-06-07,null,null,null,null,
2010-06-08,null,null,null,null,
2010-06-09,null,null,null,null,
2010-06-10,null,null,null,null,
2010-06-11,null,null,null,null,
2010-06-12,null,null,null,null,
2010-06-13,null,null,null,null,
2010-06-14,null,null,null,null,
2010-06-15,null,null,null,null,
2010-06-16,null,null,null,null,
2010-06-17,null,null,null,null,
2010-06-18,null,null,null,null,
2010-06-19,null,null,null,null,
2010-06-20,null,null,null,null,
2010-06-21,null,null,null,null,
2010-06-22,null,null,null,null,
2010-06-23,null,null,null,null,
2010-06-24,null,null,null,null,
2010-06-25,null,null,null,null,
2010-06-26,null,null,null,null,
2010-06-27,null,null,null,null,
2010-06-28,null,null,null,null,
2010-06-29,null,null,null,null,
2010-06-30,null,null,null,null,
2010-07-01,null,null,null,null,
2010-07-02,null,null,null,null,
2010-07-03,null,null,null,null,
2010-07-04,null,null,null,null,
2010-07-05,null,null,null,null,
2010-07-06,null,null,null,null,
2010-07-07,null,null,null,null,
2010-07-08,null,null,null,null,
2010-07-09,null,null,null,null,
2010-07-10,null,null,null,null,
2010-07-11,null,null,null,null,
2010-07-12,null,null,null,null,
2010-07-13,null,null,null,null,
2010-07-14,null,null,null,null,
2010-07-15,null,null,null,null,
2010-07-16,null,null,null,null,
2010-07-17,null,null,null,null,
2010-07-18,null,null,null,null,
2010-07-19,null,null,null,null,
2010-07-20,null,null,null,null,
2010-07-21,null,null,null,null,
2010-07-22,null,null,null,null,
2010-07-23,null,null,null,null,
2010-07-24,null,null,null,null,
2010-07-25,null,null,null,null,
2010-07-26,null,null,null,null,
2010-07-27,null,null,null,null,
2010-07-28,null,null,null,null,
2010-07-29,null,null,null,null,
2010-07-30,null,null,null,null,
2010-07-31,null,null,null,null,
2010-08-01,null,null,null,null,
2010-08-02,null,null,null,null,
2010-08-03,null,null,null,null,
2010-08-04,null,null,null,null,
2010-08-05,null,null,null,null,
2010-08-06,null,null,null,null,
2010-08-07,null,null,null,null,
2010-08-08,null,null,null,null,
2010-08-09,null,null,null,null,
2010-08-10,null,null,null,null,
2010-08-11,null,null,null,null,
2010-08-12,null,null,null,null,
2010-08-13,null,null,null,null,
2010-08-14,null,null,null,null,
2010-08-15,null,null,null,null,
2010-08-16,null,null,null,null,
2010-08-17,null,null,null,null,
2010-08-18,null,null,null,null,
2010-08-19,null,null,null,null,
2010-08-20,null,null,null,null,
2010-08-21,null,null,null,null,
2010-08-22,null,null,null,null,
2010-08-23,null,null,null,null,
2010-08-24,null,null,null,null,
2010-08-25,null,null,null,null,
2010-08-26,null,null,null,null,
2010-08-27,null,null,null,null,
2010-08-28,null,null,null,null,
2010-08-29,null,null,null,null,
2010-08-30,null,null,null,null,
2010-08-31,null,null,null,null,
2010-09-01,null,null,null,null,
2010-09-02,null,null,null,null,
2010-09-03,null,null,null,null,
2010-09-04,null,null,null,null,
2010-09-05,null,null,null,null,
2010-09-06,null,null,null,null,
2010-09-07,null,null,null,null,
2010-09-08,null,null,null,null,
2010-09-09,null,null,74.3,null,
2010-09-10,1010.7,null,65.9,3.4,
2010-09-11,1009.9,27.1,61.2,3.2,
2010-09-12,1009.2,27.7,60.4,3.2,
2010-09-13,1009.4,27.3,61.5,3.4,
2010-09-14,1009.8,27.3,62,3.3,
2010-09-15,1009.4,27.8,63,3.8,
2010-09-16,1008.1,27.9,60.6,3.8,
2010-09-17,1008.9,null,63.8,4.1,
2010-09-18,1009.7,null,61.9,3.7,
2010-09-19,1009.1,null,64.8,4.2,
2010-09-20,1008.5,28.1,64,4,
2010-09-21,1007.9,null,58.6,4,
2010-09-22,1008.8,null,60.2,3.8,
2010-09-23,1009.2,null,60.8,3.8,
2010-09-24,1009.4,null,59,3.7,
2010-09-25,1009,null,63.6,4,
2010-09-26,1008.1,null,64.1,4.3,
2010-09-27,1007.5,null,62.8,3.8,
2010-09-28,1006.9,null,68.4,3.9,
2010-09-29,null,null,66.2,null,
2010-09-30,null,null,62.4,null,
2010-10-01,1007.8,null,69.2,3.1,
2010-10-02,null,null,66.9,null,
2010-10-03,null,null,64.8,null,
2010-10-04,null,null,64.6,null,
2010-10-05,null,null,55.6,null,
2010-10-06,1008.7,null,67.4,2.9,
2010-10-07,null,null,null,null,
2010-10-08,1013,null,63,3.4,
2010-10-09,1012.9,null,72,2.7,
2010-10-10,1012.3,null,67,3.4,
2010-10-11,1010.1,null,64.1,3.2,
2010-10-12,null,null,64.4,null,
2010-10-13,null,null,65.3,null,
2010-10-14,1009.7,null,59.9,4.1,
2010-10-15,1008.5,null,60.2,4.1,
2010-10-16,1008.6,null,60.7,4,
2010-10-17,1008.1,null,65.1,3.2,
2010-10-18,null,null,null,null,
2010-10-19,null,null,null,null,
2010-10-20,null,null,null,null,
2010-10-21,null,null,null,null,
2010-10-22,null,null,null,null,
2010-10-23,null,null,null,null,
2010-10-24,null,null,null,null,
2010-10-25,null,null,null,null,
2010-10-26,null,null,null,null,
2010-10-27,null,null,null,null,
2010-10-28,null,null,null,null,
2010-10-29,null,null,null,null,
2010-10-30,null,null,null,null,
2010-10-31,null,null,null,null,
2010-11-01,null,null,null,null,
2010-11-02,null,null,null,null,
2010-11-03,null,null,null,null,
2010-11-04,null,null,null,null,
2010-11-05,null,null,null,null,
2010-11-06,null,null,null,null,
2010-11-07,null,null,null,null,
2010-11-08,null,null,null,null,
2010-11-09,null,null,null,null,
2010-11-10,null,null,null,null,
2010-11-11,null,null,null,null,
2010-11-12,null,null,null,null,
2010-11-13,null,null,null,null,
2010-11-14,null,null,null,null,
2010-11-15,null,null,null,null,
2010-11-16,null,null,null,null,
2010-11-17,null,null,null,null,
2010-11-18,null,null,null,null,
2010-11-19,null,null,null,null,
2010-11-20,null,null,null,null,
2010-11-21,null,null,null,null,
2010-11-22,null,null,null,null,
2010-11-23,null,null,null,null,
2010-11-24,null,null,null,null,
2010-11-25,null,null,null,null,
2010-11-26,null,null,null,null,
2010-11-27,null,null,null,null,
2010-11-28,null,null,null,null,
2010-11-29,null,null,null,null,
2010-11-30,null,null,null,null,
2010-12-01,1006.6,28.2,63.7,3.7,
2010-12-02,1007,27.9,67.1,2.9,
2010-12-03,1006.6,28.3,65.5,3.7,
2010-12-04,1006.8,28.4,68.1,3.4,
2010-12-05,1007.4,28.5,68.7,3.2,
2010-12-06,1007.9,28.4,69.2,3,
2010-12-07,1006.8,28.3,67.5,2.9,
2010-12-08,1006.4,27.9,68,2.2,
2010-12-09,1005.9,27.6,69.3,1.7,
2010-12-10,1006.3,28.6,66.4,2.1,
2010-12-11,1006.2,28.4,70,2.8,
2010-12-12,1004.5,28.1,69.8,2.6,
2010-12-13,1003.5,null,76.4,1.7,
2010-12-14,null,null,82.8,null,
2010-12-15,null,null,null,null,
2010-12-16,null,null,null,null,
2010-12-17,null,null,null,null,
2010-12-18,null,null,74.8,null,
2010-12-19,null,null,null,null,
2010-12-20,null,null,68.7,null,
2010-12-21,1008.2,28.2,72.2,3.6,
2010-12-22,1007,28.4,70.4,3.3,
2010-12-23,1006,28.1,67.2,2.9,
2010-12-24,1006.5,27.6,75.5,2.7,
2010-12-25,1007.4,27.6,76.5,2.1,
2010-12-26,1007.5,28,72.7,2.6,
2010-12-27,1006.5,null,69.8,2.5,
2010-12-28,null,null,72.2,null,
2010-12-29,null,null,75.5,null,
2010-12-30,null,null,null,null,
2010-12-31,1005.4,27.3,68.7,2.5,
2011-01-01,1005.6,28.1,64.5,2.6,
2011-01-02,1005.1,28.1,70.2,2.6,
2011-01-03,1005.7,null,71.3,2.9,
2011-01-04,null,null,63.8,null,
2011-01-05,null,null,null,null,
2011-01-06,null,null,null,null,
2011-01-07,null,null,null,null,
2011-01-08,null,null,73,null,
2011-01-09,null,null,77.8,null,
2011-01-10,null,null,null,null,
2011-01-11,null,null,null,null,
2011-01-12,null,null,null,null,
2011-01-13,null,null,null,null,
2011-01-14,null,null,null,null,
2011-01-15,null,null,null,null,
2011-01-16,null,null,null,null,
2011-01-17,null,null,75.8,null,
2011-01-18,null,null,73.9,null,
2011-01-19,null,null,null,null,
2011-01-20,null,null,null,null,
2011-01-21,null,null,null,null,
2011-01-22,null,null,null,null,
2011-01-23,null,null,null,null,
2011-01-24,null,null,null,null,
2011-01-25,null,null,null,null,
2011-01-26,null,null,null,null,
2011-01-27,null,null,null,null,
2011-01-28,null,null,null,null,
2011-01-29,null,null,null,null,
2011-01-30,null,null,null,null,
2011-01-31,null,null,null,null,
2011-02-01,null,null,null,null,
2011-02-02,null,null,null,null,
2011-02-03,null,null,null,null,
2011-02-04,null,null,null,null,
2011-02-05,null,null,null,null,
2011-02-06,null,null,null,null,
2011-02-07,null,null,null,null,
2011-02-08,null,null,69.4,null,
2011-02-09,1007.6,28.4,68.6,3,
2011-02-10,1007,25.6,84.5,1.4,
2011-02-11,1007.7,26.3,83.3,1.8,
2011-02-12,1008.6,25.3,88.3,1,
2011-02-13,1008.2,26.5,82.6,1.4,
2011-02-14,1008.4,25.2,86.7,1.8,
2011-02-15,1007.3,24.4,91.1,.8,
2011-02-16,1007.9,26.2,82,1.5,
2011-02-17,1008.3,25.2,84.8,1,
2011-02-18,1007.2,25.6,85.3,1.5,
2011-02-19,1006.7,27.3,77.4,1.5,
2011-02-20,1008,25.4,87,1.3,
2011-02-21,1009.1,26.3,81.8,2,
2011-02-22,1008.2,26.9,80.7,2.1,
2011-02-23,1006.5,27.1,81.4,1.9,
2011-02-24,1005.8,27.8,77.4,2.3,
2011-02-25,1006.9,25.3,89.5,.8,
2011-02-26,1007.2,25.7,84.4,1,
2011-02-27,1006.1,26.5,80.2,1.3,
2011-02-28,1006.7,25.6,81.8,1.2,
2011-03-01,1007,25.9,80.1,2.1,
2011-03-02,1007,26.6,76.6,1.2,
2011-03-03,1006.7,26.3,83.1,1.5,
2011-03-04,1006.6,26.8,80.7,1.7,
2011-03-05,1006.9,null,79.4,1.5,
2011-03-06,null,null,71.7,null,
2011-03-07,1006.4,27.5,78.5,1.9,
2011-03-08,1006.9,27.4,79.6,2,
2011-03-09,1007.1,24.7,87.8,1.4,
2011-03-10,1006.5,25.9,84.9,.9,
2011-03-11,1007,24.7,91.6,1.1,
2011-03-12,1006.7,26.3,83.3,1.9,
2011-03-13,1006.7,27.1,79,1.4,
2011-03-14,1007.8,27.2,77.3,1.7,
2011-03-15,1009.3,25.2,85.3,1.4,
2011-03-16,1009.1,26.3,79.2,1.4,
2011-03-17,1008.2,27.2,77.5,1.4,
2011-03-18,1008.4,27.6,76.5,1.1,
2011-03-19,1007.5,27.2,75.6,1.3,
2011-03-20,1006.6,27.4,75.3,1.5,
2011-03-21,1005.9,27.4,76.5,1.4,
2011-03-22,1006.2,27.1,78.1,1.6,
2011-03-23,1006.9,27.3,76.6,1.9,
2011-03-24,1008.4,25.9,84.6,.9,
2011-03-25,1008.4,26.5,80.6,1.6,
2011-03-26,1006.6,27.5,78.1,2.1,
2011-03-27,1007.7,24.7,90.3,.7,
2011-03-28,1008.5,25,89.1,1.1,
2011-03-29,1008.8,null,81.3,1.9,
2011-03-30,1008.4,26.7,82.9,1.5,
2011-03-31,1007.8,27.5,79.6,1.9,
2011-04-01,1008,27.6,76.6,1.6,
2011-04-02,1008.4,26.5,83.8,1.2,
2011-04-03,1007.2,27.6,79.3,1.8,
2011-04-04,1007.2,27.3,80,1.6,
2011-04-05,1007.9,26.6,83.9,1.7,
2011-04-06,1007.6,27.2,77.9,1.7,
2011-04-07,1007.1,27.2,75.2,2,
2011-04-08,null,null,72.5,null,
2011-04-09,null,null,null,null,
2011-04-10,null,null,null,null,
2011-04-11,null,null,null,null,
2011-04-12,null,null,null,null,
2011-04-13,null,null,null,null,
2011-04-14,null,null,null,null,
2011-04-15,null,null,null,null,
2011-04-16,null,null,null,null,
2011-04-17,null,null,79.3,null,
2011-04-18,1008.7,24.3,91.1,1.4,
2011-04-19,1008.8,25.3,86.2,1.3,
2011-04-20,1008,26.5,78.2,1.7,
2011-04-21,1008,25.6,86.8,1.2,
2011-04-22,1007.4,25.4,87.1,1.1,
2011-04-23,1007.6,25.4,85.8,1,
2011-04-24,1007.6,null,83.1,1.2,
2011-04-25,null,null,80.6,null,
2011-04-26,null,null,null,null,
2011-04-27,null,null,81.1,null,
2011-04-28,null,null,null,null,
2011-04-29,null,null,79.3,null,
2011-04-30,null,null,77.2,null,
2011-05-01,1007.2,26.6,83,.9,
2011-05-02,null,null,81.6,null,
2011-05-03,1008,null,81.1,1.7,
2011-05-04,1008.4,null,92,.6,
2011-05-05,null,null,85.6,null,
2011-05-06,null,null,75.3,null,
2011-05-07,1008.9,26.9,78.7,1.3,
2011-05-08,1007.7,26.9,81.1,1.3,
2011-05-09,1006.7,27.2,78.7,1.4,
2011-05-10,1006.7,null,91.6,1.8,
2011-05-11,null,null,80.3,null,
2011-05-12,null,null,76.1,null,
2011-05-13,null,null,65.9,null,
2011-05-14,1007,25.9,81.8,1.1,
2011-05-15,1007.3,null,81.1,2.3,
2011-05-16,1007.2,26.5,82.6,1.3,
2011-05-17,1008,27.1,77.2,1.5,
2011-05-18,1008,27,80.7,1.5,
2011-05-19,1008.6,26.4,83.9,1.4,
2011-05-20,1009.4,26.6,81.5,2.3,
2011-05-21,1010,26.4,77.1,2.1,
2011-05-22,1009.2,26.7,74.7,1.9,
2011-05-23,1008.9,27.2,77.2,2.1,
2011-05-24,1009.2,27,79.4,2.1,
2011-05-25,1009.8,26.8,79,2.5,
2011-05-26,1010.3,26.9,77.2,2.1,
2011-05-27,1009.5,27,73.8,1.7,
2011-05-28,1008.6,27,77.6,2,
2011-05-29,1008.8,27.3,75.4,2.1,
2011-05-30,1009.1,27.2,77,2.3,
2011-05-31,1008.2,27,73.7,2.6,
2011-06-01,1007.8,26.9,71.1,2.3,
2011-06-02,1008.2,26.5,73.9,2.2,
2011-06-03,1008.3,26.8,74.1,1.8,
2011-06-04,1010.4,25.3,79.1,1.9,
2011-06-05,1009.4,26.3,78.5,1.3,
2011-06-06,1010,26.8,77.6,2,
2011-06-07,1011.4,26.8,75.9,2,
2011-06-08,1011.2,27,73.8,2.3,
2011-06-09,1011.2,26.6,77.1,2.3,
2011-06-10,1011.8,26.4,78.4,2.1,
2011-06-11,1011,26.1,80.4,1.8,
2011-06-12,1010.3,27,78.1,2.6,
2011-06-13,1011,26.2,74.2,2.1,
2011-06-14,1010,26.5,70.8,2.2,
2011-06-15,1008.7,26.6,69.6,2.2,
2011-06-16,1009.6,25.7,74.7,2.1,
2011-06-17,1010,26.3,77.2,2.2,
2011-06-18,1009.6,26.7,78.8,2.1,
2011-06-19,1009.2,26.4,81.5,2.4,
2011-06-20,1009.6,26.8,75.3,2.6,
2011-06-21,1009.8,27.2,71.3,2.4,
2011-06-22,1010.6,26.9,75.9,2.3,
2011-06-23,1010.1,26.9,76.3,2.4,
2011-06-24,1009.4,25.7,82.9,1.8,
2011-06-25,1009.2,26.3,79.1,1.4,
2011-06-26,1009.3,26.6,78.6,2,
2011-06-27,1009.8,26.3,78.3,2.3,
2011-06-28,1010.2,25.4,82.4,1.4,
2011-06-29,1010,24.7,86.1,1.2,
2011-06-30,1009.4,26,78.2,2.4,
2011-07-01,1009.2,26.4,70.2,2.5,
2011-07-02,1008.9,26.1,73.6,2,
2011-07-03,1008.8,26.4,72.6,2.6,
2011-07-04,1009.5,26.1,72,2.3,
2011-07-05,1010.7,26,79.9,1.3,
2011-07-06,1010.5,26.4,78.6,1.9,
2011-07-07,1010,26.5,80.7,1.9,
2011-07-08,1010.2,26.3,81.4,1.9,
2011-07-09,1011.5,25.2,85.6,2,
2011-07-10,1011.7,26.8,69.7,3.1,
2011-07-11,1011.1,26.7,72.7,2.6,
2011-07-12,1010.7,24,88.1,1.7,
2011-07-13,1009.9,25,81.3,2.1,
2011-07-14,1009.1,25.5,76.3,2.4,
2011-07-15,1009.8,25.8,71,2,
2011-07-16,1011.4,25,83.7,1.2,
2011-07-17,1011.4,25,80,2,
2011-07-18,1010.4,25.9,76.9,2,
2011-07-19,1010.7,25.9,78,2.2,
2011-07-20,1011.3,26.3,72.6,2.7,
2011-07-21,1011.4,26.3,73.2,2.1,
2011-07-22,1011.3,26.6,73.5,1.7,
2011-07-23,1011.3,26.8,73,2.2,
2011-07-24,1012.4,25.5,72.5,2.5,
2011-07-25,1011,26.7,66.9,2.5,
2011-07-26,1010,26.5,68.9,2.5,
2011-07-27,1009.4,26.1,65.2,2.8,
2011-07-28,1008.2,26,68.2,2.5,
2011-07-29,1007.7,26.7,68.3,2.6,
2011-07-30,1008.2,27.1,72.6,2.9,
2011-07-31,1009,25.8,82.2,2.1,
2011-08-01,1009,26.4,77,2.4,
2011-08-02,1009.8,26.4,72.3,2.4,
2011-08-03,1011.2,25.6,78.4,1.8,
2011-08-04,1012,26.5,76.1,2.5,
2011-08-05,1012.3,27.1,71.6,2.9,
2011-08-06,1013,26.8,67.8,3,
2011-08-07,1012.2,26.9,68.1,2.5,
2011-08-08,1011.7,26.8,65.8,2.6,
2011-08-09,1010.7,26.5,71.8,2.1,
2011-08-10,1010,27.1,71.6,2.2,
2011-08-11,1009.9,27,74.8,2.4,
2011-08-12,1010.5,27.7,65.3,3.6,
2011-08-13,1010.1,26.9,67.6,3.1,
2011-08-14,1009.9,26.9,71,2.9,
2011-08-15,1009.5,26.8,70.8,2.7,
2011-08-16,1010.2,26.8,63.7,3.3,
2011-08-17,1010.3,26.5,65,3.3,
2011-08-18,1009.2,26.2,70,3,
2011-08-19,1008.6,26.9,66.5,3.2,
2011-08-20,1009.2,26.8,65.5,3.5,
2011-08-21,1010,26.8,66.8,3.5,
2011-08-22,1010.9,26.9,72.2,3.3,
2011-08-23,1011.7,26.3,74.5,2.7,
2011-08-24,1012.2,26.9,66.1,3.7,
2011-08-25,1012.3,27.1,66.3,3,
2011-08-26,1013.5,25.2,76.8,3,
2011-08-27,1012.7,26.4,73.3,2.5,
2011-08-28,1012.3,27,64.3,3.2,
2011-08-29,1011.3,26.5,72.1,2.9,
2011-08-30,1011.5,26.7,64.3,3.5,
2011-08-31,1012.3,26.5,69,2.5,
2011-09-01,1012.1,26.8,69.4,3,
2011-09-02,1011.6,26.9,66.6,3.1,
2011-09-03,1011.2,27.2,65.9,3.3,
2011-09-04,1011.4,27.2,65.7,2.8,
2011-09-05,1011.3,26.9,64.1,3,
2011-09-06,1011.1,26.9,64.5,2.9,
2011-09-07,1011.1,26.9,63.5,3.4,
2011-09-08,1010.3,27,65,3.6,
2011-09-09,1009.5,26.7,64.3,3.6,
2011-09-10,1010.6,27,63.3,3.5,
2011-09-11,1012.9,26.7,68.3,2.9,
2011-09-12,1011.8,26.5,67,2.6,
2011-09-13,1011.3,27.1,62.5,3.1,
2011-09-14,1011.2,27.1,64.6,2.6,
2011-09-15,1010.9,27.2,71.2,2.9,
2011-09-16,1010.6,27.5,65.5,3.8,
2011-09-17,1010.2,27.1,62.7,4.4,
2011-09-18,1010.4,27,58.1,3.8,
2011-09-19,1010.2,26.7,64.6,3.6,
2011-09-20,1010.1,26.8,62.9,3.1,
2011-09-21,1010.7,26.7,65.2,3.4,
2011-09-22,1010.8,27.3,67.2,3.4,
2011-09-23,1010.1,27.7,68,3.4,
2011-09-24,1010.1,27.6,64.5,3.1,
2011-09-25,1010.4,26.6,71.7,2.6,
2011-09-26,1011.1,27.9,64.9,4.2,
2011-09-27,1011.6,27.4,65.5,3.8,
2011-09-28,1010.8,26.8,71.8,2.6,
2011-09-29,1010.6,27.1,70.2,3.3,
2011-09-30,1010.2,27.5,64.5,3.6,
2011-10-01,1009.4,27.3,65.3,3.9,
2011-10-02,1008.6,26.9,68.3,3.9,
2011-10-03,1009.4,27.3,65.6,3.9,
2011-10-04,1009.7,27.4,66.4,3.7,
2011-10-05,1009.9,28,66.8,4.2,
2011-10-06,1009.6,27.7,61.2,3.9,
2011-10-07,1009.4,27.3,62.4,3.4,
2011-10-08,1008.5,27.1,64.5,3.5,
2011-10-09,1008.1,27.2,66.3,3,
2011-10-10,1007.6,27.1,72,3.3,
2011-10-11,1008.1,27.5,68.8,3.5,
2011-10-12,1007.7,27.5,68.6,3.3,
2011-10-13,1007.6,27.3,69.5,3.5,
2011-10-14,1007,27.3,68.5,3.1,
2011-10-15,1006.2,27.7,70.4,2.8,
2011-10-16,1006.5,27.3,72.1,3.2,
2011-10-17,1006.4,27.4,71.2,2.9,
2011-10-18,1005.4,27.8,71.4,3.1,
2011-10-19,1007.4,27.3,72.5,2.3,
2011-10-20,1007.7,26.2,79.7,1.9,
2011-10-21,1008.3,27.1,73.7,2.6,
2011-10-22,1008.7,27,70.5,2.7,
2011-10-23,1010.3,27.8,64.6,3.5,
2011-10-24,1009.2,27.6,68,3.9,
2011-10-25,1008.6,27.6,67.1,3.4,
2011-10-26,1008.6,27.6,66.8,3.3,
2011-10-27,1008,28,70.3,3,
2011-10-28,1007.5,27.7,68.3,3.5,
2011-10-29,1007.5,27,71.7,3,
2011-10-30,1006.7,26.9,73.6,2,
2011-10-31,1006.7,27.2,72.8,2.6,
2011-11-01,1007.9,27.2,71.2,3.1,
2011-11-02,1009.8,27.7,68.9,2.7,
2011-11-03,1009.9,27,75.1,2.2,
2011-11-04,1009.6,28,67.9,3.4,
2011-11-05,null,null,66.8,null,
2011-11-06,null,null,63.3,null,
2011-11-07,null,null,62.3,null,
2011-11-08,null,null,60,null,
2011-11-09,null,null,67.6,null,
2011-11-10,null,null,62.9,null,
2011-11-11,null,null,64.8,null,
2011-11-12,null,null,68.3,null,
2011-11-13,null,null,65.9,null,
2011-11-14,null,null,66.6,null,
2011-11-15,null,null,67.9,null,
2011-11-16,null,null,64.8,null,
2011-11-17,null,null,63.9,null,
2011-11-18,null,null,62.4,null,
2011-11-19,null,null,62.2,null,
2011-11-20,null,null,67.2,null,
2011-11-21,null,null,62.2,null,
2011-11-22,null,null,60.3,null,
2011-11-23,null,null,63.4,null,
2011-11-24,null,null,63.9,null,
2011-11-25,null,null,63.7,null,
2011-11-26,null,null,62.2,null,
2011-11-27,null,null,62.9,null,
2011-11-28,null,null,63.2,null,
2011-11-29,null,null,68.2,null,
2011-11-30,null,null,67.2,null,
2011-12-01,null,null,62.4,null,
2011-12-02,null,null,57.8,null,
2011-12-03,null,null,60.8,null,
2011-12-04,null,null,63,null,
2011-12-05,null,null,null,null,
2011-12-06,null,null,62.2,null,
2011-12-07,null,null,null,null,
2011-12-08,null,null,61.1,null,
2011-12-09,null,null,65.4,null,
2011-12-10,null,null,61.5,null,
2011-12-11,null,null,63.3,null,
2011-12-12,null,null,65.2,null,
2011-12-13,null,null,62.2,null,
2011-12-14,null,null,59.8,null,
2011-12-15,null,null,58.1,null,
2011-12-16,null,null,60.8,null,
2011-12-17,null,null,null,null,
2011-12-18,null,null,null,null,
2011-12-19,null,null,null,null,
2011-12-20,null,null,null,null,
2011-12-21,null,null,68.8,null,
2011-12-22,null,null,63.1,null,
2011-12-23,null,null,61.5,null,
2011-12-24,null,null,61.8,null,
2011-12-25,null,null,65.8,null,
2011-12-26,null,null,63.1,null,
2011-12-27,null,null,61.9,null,
2011-12-28,null,null,null,null,
2011-12-29,null,null,63.8,null,
2011-12-30,null,null,null,null,
2011-12-31,null,null,65.9,null,
2012-01-01,null,null,62.1,null,
2012-01-02,null,null,null,null,
2012-01-03,null,null,null,null,
2012-01-04,null,null,61.8,null,
2012-01-05,null,null,null,null,
2012-01-06,null,null,63.2,null,
2012-01-07,null,null,60.7,null,
2012-01-08,null,null,null,null,
2012-01-09,null,null,70.1,null,
2012-01-10,null,null,62.3,null,
2012-01-11,null,null,null,null,
2012-01-12,null,null,null,null,
2012-01-13,null,null,66.9,null,
2012-01-14,null,null,null,null,
2012-01-15,null,null,65.9,null,
2012-01-16,null,null,68.7,null,
2012-01-17,null,null,null,null,
2012-01-18,null,null,74.8,null,
2012-01-19,null,null,73.5,null,
2012-01-20,null,null,72.8,null,
2012-01-21,null,null,75,null,
2012-01-22,null,null,64.8,null,
2012-01-23,null,null,68.3,null,
2012-01-24,null,null,65.3,null,
2012-01-25,null,null,68.4,null,
2012-01-26,null,null,66.6,null,
2012-01-27,null,null,66,null,
2012-01-28,null,null,62.2,null,
2012-01-29,null,null,65.9,null,
2012-01-30,null,null,63.9,null,
2012-01-31,null,null,63.1,null,
2012-02-01,null,null,64.8,null,
2012-02-02,null,null,61.5,null,
2012-02-03,null,null,61.6,null,
2012-02-04,null,null,59.9,null,
2012-02-05,null,null,62.6,null,
2012-02-06,null,null,63.7,null,
2012-02-07,null,null,61.8,null,
2012-02-08,null,null,66.3,null,
2012-02-09,null,null,65.3,null,
2012-02-10,null,null,69.6,null,
2012-02-11,null,null,69.1,null,
2012-02-12,1007.7,null,70.4,2.9,
2012-02-13,null,null,69.4,null,
2012-02-14,null,null,71.5,null,
2012-02-15,null,null,71.3,null,
2012-02-16,null,null,71.6,null,
2012-02-17,null,null,null,null,
2012-02-18,null,null,null,null,
2012-02-19,null,null,76.4,null,
2012-02-20,null,null,72.5,null,
2012-02-21,null,null,77.1,null,
2012-02-22,null,null,70.8,null,
2012-02-23,1007.1,null,76.9,2.5,
2012-02-24,1006.5,null,76.7,2,
2012-02-25,null,null,82.5,null,
2012-02-26,null,null,75,null,
2012-02-27,null,null,88.1,null,
2012-02-28,null,null,82.1,null,
2012-02-29,null,null,72.7,null,
2012-03-01,1008.3,27.6,71,3.3,
2012-03-02,1008.3,27.3,71.5,2.4,
2012-03-03,1008.5,27.6,72,2.5,
2012-03-04,1008.7,27.4,75.9,2.5,
2012-03-05,1008.6,27.8,71.8,2.3,
2012-03-06,1008.2,27.2,73.1,2,
2012-03-07,1007.5,27.6,70.2,2.5,
2012-03-08,1008.2,28.1,71.8,3.1,
2012-03-09,1008.5,25.5,83.2,1.9,
2012-03-10,1008.9,25.7,83.8,1.4,
2012-03-11,1008.7,null,76.3,1.9,
2012-03-12,1007.8,27.1,78,2.3,
2012-03-13,1008,27.5,78.9,1.9,
2012-03-14,1009.1,26.3,80.9,2.1,
2012-03-15,1009.8,25.5,86.9,1.2,
2012-03-16,1009.3,27.2,79.3,2.4,
2012-03-17,1008.6,27.3,73.8,2.8,
2012-03-18,1007.3,27.4,78.5,1.9,
2012-03-19,1007,27.3,80.4,1.8,
2012-03-20,1007.1,27.5,75.2,2.3,
2012-03-21,1007.2,27.5,76,2.4,
2012-03-22,1007.2,25.9,83.1,2.2,
2012-03-23,1006.9,27.6,75.1,2.3,
2012-03-24,1008.2,26.6,82.6,2.2,
2012-03-25,1008.5,26.9,82.6,2,
2012-03-26,1008.1,27.5,77.3,2.4,
2012-03-27,1008,24.9,90.3,1.2,
2012-03-28,1008.9,25.2,88.1,1,
2012-03-29,1009.7,26.7,83.7,2.1,
2012-03-30,1010.5,27.3,76.7,2.8,
2012-03-31,1010.5,27.3,77.4,2.2,
2012-04-01,1009.1,27.1,78.9,1.9,
2012-04-02,1008.3,27.3,79.3,2.6,
2012-04-03,1007.9,27.7,78,2.7,
2012-04-04,1007.8,27.6,75.2,2.6,
2012-04-05,1007.6,27.6,75.6,2.8,
2012-04-06,1007.7,27.9,74.9,2.8,
2012-04-07,1007.5,27.4,78.1,2.5,
2012-04-08,1006.8,27.3,75.4,2.5,
2012-04-09,1006.6,27.5,72.3,2.3,
2012-04-10,1008.3,27.6,72.5,2.4,
2012-04-11,1009.7,27.8,71.1,2.7,
2012-04-12,1008.9,27.4,71,2.2,
2012-04-13,1008.3,27.3,72.1,2.4,
2012-04-14,1008.1,27.5,73.8,2.6,
2012-04-15,1008.7,26.5,83.2,1.6,
2012-04-16,1008.4,26.6,84.6,1.8,
2012-04-17,1009.4,27,81.7,1.4,
2012-04-18,1009.6,27.2,79.5,1.8,
2012-04-19,1007.6,27.2,79.3,2.1,
2012-04-20,1007.8,27.2,79,1.9,
2012-04-21,1008.9,25.3,88.5,1,
2012-04-22,1009.3,26.8,82.6,2.1,
2012-04-23,1009,27.7,77.2,2.4,
2012-04-24,1008.3,27.6,79.3,2.4,
2012-04-25,1008.2,27.9,76.8,2.3,
2012-04-26,1007.9,27.9,76.2,2.5,
2012-04-27,1007.5,27.6,75.9,2.6,
2012-04-28,1007.7,27.3,74.6,2.3,
2012-04-29,1007.8,27,76.3,1.9,
2012-04-30,1008.5,27.5,75,2.2,
2012-05-01,1009.1,27.7,74.6,2.3,
2012-05-02,1009,27.6,75.2,2.7,
2012-05-03,1009.6,27.9,70.6,2.9,
2012-05-04,1009.1,28.2,65.8,3.3,
2012-05-05,1008.5,27.4,69.6,2.4,
2012-05-06,1008.7,28.3,68.7,2.9,
2012-05-07,1009.4,27.9,69.6,3.2,
2012-05-08,1009.8,28.2,64.8,3,
2012-05-09,1008.7,27.4,70.7,2.2,
2012-05-10,1008.6,27.5,73.7,2.6,
2012-05-11,1009,27.7,74,2.7,
2012-05-12,1008.6,27.4,78.4,2.6,
2012-05-13,1008.3,27.7,75,3.1,
2012-05-14,1008.4,27.5,75.5,2.7,
2012-05-15,1009.1,26.8,76.3,2.7,
2012-05-16,1009.7,27.1,75.1,2.2,
2012-05-17,1009.1,27,77.4,2.1,
2012-05-18,1008.6,27.1,74.5,2.5,
2012-05-19,1009,26.8,79,2.6,
2012-05-20,1010.1,27.7,70.8,3.2,
2012-05-21,1010.3,27.4,70,2.9,
2012-05-22,1009.4,27.3,71.4,2.2,
2012-05-23,1011,25.5,82.5,2,
2012-05-24,1010.8,26.6,76.5,2.3,
2012-05-25,1010.7,26.9,73.2,2,
2012-05-26,1010.2,26.2,79.1,1.9,
2012-05-27,1010.8,26.3,80.6,2.6,
2012-05-28,1010.8,27.3,74,2.6,
2012-05-29,1010.7,26.6,73.1,2.6,
2012-05-30,1010.3,26.5,77.4,2.1,
2012-05-31,1011.2,26.5,77.6,2,
2012-06-01,1011.5,26.9,77,2.3,
2012-06-02,1011.2,27.2,74.8,2.9,
2012-06-03,1011.2,26.9,77.1,2.7,
2012-06-04,1011.3,26.5,77.6,1.8,
2012-06-05,1011.4,26.4,78.2,2.2,
2012-06-06,1011.1,27.6,73.3,2.5,
2012-06-07,1010.3,27.4,71.9,3.2,
2012-06-08,1009.4,27.4,74,3.4,
2012-06-09,1009.3,27.5,71.9,3.3,
2012-06-10,1009.6,27,73.5,2.3,
2012-06-11,1010.4,26.9,74.9,2.5,
2012-06-12,1010.2,26.6,78,2.4,
2012-06-13,1009.8,27.1,72.5,2.8,
2012-06-14,1009.2,27.7,71.6,3,
2012-06-15,1010.1,27,67.5,2.4,
2012-06-16,1011.4,26.7,74,2.1,
2012-06-17,1011.1,26.6,74.3,2.3,
2012-06-18,1010.6,26.4,79.7,2,
2012-06-19,1010.9,27.3,76.9,2.5,
2012-06-20,1010.8,26.5,77.6,2.1,
2012-06-21,1009.7,27,76.3,2.6,
2012-06-22,1011,24.8,87.7,1.5,
2012-06-23,1012.8,25.7,83.5,1.8,
2012-06-24,1012.1,26.4,78.4,2,
2012-06-25,1011.3,27,72.3,2.1,
2012-06-26,1011.8,26,74.6,2.9,
2012-06-27,1012.4,26.5,68.8,2.6,
2012-06-28,1012.1,26.2,75.5,1.8,
2012-06-29,1011.6,26,76.4,2.1,
2012-06-30,1010.5,26.1,73,2.2,
2012-07-01,1010.3,26.5,69.3,1.8,
2012-07-02,1010.4,27.1,71.2,3,
2012-07-03,1010.6,26.3,73.1,2.8,
2012-07-04,1009.6,26.7,68.6,2.4,
2012-07-05,1008.9,27,64,2.8,
2012-07-06,1008.7,26.8,68,2.8,
2012-07-07,1009.5,27.3,67.5,2.8,
2012-07-08,1009.8,27.2,70.5,2.5,
2012-07-09,1009.6,27.2,70.9,3.5,
2012-07-10,1009.5,26.6,68.3,3.3,
2012-07-11,1008.7,26.7,68.7,2.9,
2012-07-12,1008.5,26.7,71.5,2.6,
2012-07-13,1010.3,27.2,71.8,2.8,
2012-07-14,1011,27,72.7,3.1,
2012-07-15,1011.1,26.6,74.5,2.9,
2012-07-16,1010.7,26.5,68.4,3.1,
2012-07-17,1011.2,26.9,68.1,3.1,
2012-07-18,1012.2,26.6,73.8,2.9,
2012-07-19,1012.3,27,69,3.1,
2012-07-20,1011.9,26.2,73.7,2.5,
2012-07-21,1011.9,26.7,72,3,
2012-07-22,1012.6,26.9,68.2,2.7,
2012-07-23,1012.3,27.2,69,3.2,
2012-07-24,1012.3,26.9,65.3,3.1,
2012-07-25,1011.7,26.9,67.8,3.3,
2012-07-26,1012.1,26.4,65.8,3.1,
2012-07-27,1012.1,26.2,72.4,2.8,
2012-07-28,1011.1,26.6,69.2,2.8,
2012-07-29,1009.9,26.2,64.7,3,
2012-07-30,1011.2,26.5,63,3.1,
2012-07-31,1011.5,26.3,63,2.4,
2012-08-01,1011.6,26.2,65.2,2.7,
2012-08-02,1011,26.4,68.3,2.4,
2012-08-03,1010.2,26.9,66.7,3.1,
2012-08-04,1011.3,26.5,66.1,3.1,
2012-08-05,1011.6,26.7,62.1,3.1,
2012-08-06,1011.2,26.6,74.5,2.8,
2012-08-07,1011.4,27,72,3.1,
2012-08-08,1011.7,27.6,62.5,3.4,
2012-08-09,1010.9,27.3,65.5,2.8,
2012-08-10,1011,27.1,64.4,3.4,
2012-08-11,1011.4,26.7,62.9,3.6,
2012-08-12,1011.5,27,62.7,3.1,
2012-08-13,1011.7,27.3,64.2,3.8,
2012-08-14,1011.3,27.2,63.8,4.1,
2012-08-15,1011.7,26.5,65,3.1,
2012-08-16,1011.9,26.8,63.4,3.4,
2012-08-17,1011,27,63.3,3.5,
2012-08-18,1011,27,64.7,3.4,
2012-08-19,1011.5,26.8,63.2,3.7,
2012-08-20,1012.4,26.6,62,3.9,
2012-08-21,1012.7,26.7,65,3.3,
2012-08-22,1012.5,27,61.9,4,
2012-08-23,1011.9,26.7,64.2,3.1,
2012-08-24,1011.1,26.7,63,3.2,
2012-08-25,1011.8,26.2,61.4,3.5,
2012-08-26,1012.8,26.4,68,3.7,
2012-08-27,1012.9,26.9,66.8,3,
2012-08-28,1012.8,27.2,67.8,3.4,
2012-08-29,1012.4,null,69.6,3.2,
2012-08-30,1012.3,26.6,70.8,3.5,
2012-08-31,1012.3,27.1,64.8,3.8,
2012-09-01,1012,27.1,63.4,3.6,
2012-09-02,1012.5,27.2,64.2,4,
2012-09-03,1013.9,26.8,60.3,3.7,
2012-09-04,1013.8,27,66,3.3,
2012-09-05,1013.3,27.2,63.6,3.6,
2012-09-06,1012.7,26.5,59,3.9,
2012-09-07,1013.5,26.1,60.8,2.8,
2012-09-08,1013,26.4,66.4,2.5,
2012-09-09,1012,27.1,65.3,2.9,
2012-09-10,1011.2,27.7,60.3,3.6,
2012-09-11,1011.3,27.2,63.6,3.6,
2012-09-12,1011.4,27,70.3,2.9,
2012-09-13,1011.1,27,72.3,3.1,
2012-09-14,1011.1,26.7,66.9,3.7,
2012-09-15,1012,26.9,64.6,3.5,
2012-09-16,1011.3,27.3,62.4,3.4,
2012-09-17,1011.8,27.7,64.3,3.6,
2012-09-18,1011.5,27.5,65.3,4,
2012-09-19,1010.8,27.2,67.1,3.4,
2012-09-20,1010.3,26.8,67.1,2.7,
2012-09-21,1009.9,27,68,3.5,
2012-09-22,1010,27.4,65.7,3.6,
2012-09-23,1010.3,27.3,67.3,3.7,
2012-09-24,1010.3,27.1,64.3,4,
2012-09-25,1011,27,63.5,3.5,
2012-09-26,1011.4,27.1,69.8,2.7,
2012-09-27,1011.5,26.9,72.4,2.9,
2012-09-28,1012.2,27.3,65.5,3.9,
2012-09-29,1012.4,27.3,59.8,4,
2012-09-30,1010.9,27.4,59.2,3.7,
2012-10-01,1009.3,27.3,62.2,3.8,
2012-10-02,1010.3,27.5,63.3,4.2,
2012-10-03,1011.6,27.2,68.6,4,
2012-10-04,1010.5,27.2,65.5,3.9,
2012-10-05,1009,27.3,59.9,4.1,
2012-10-06,1009.5,27.6,59.9,4.1,
2012-10-07,1010.1,27.9,63.5,3.9,
2012-10-08,1009.2,27.5,64.1,4.1,
2012-10-09,1009.1,27.1,58.8,4.3,
2012-10-10,1009.4,26.8,68.1,3.9,
2012-10-11,1010.1,27,71.1,3.2,
2012-10-12,1010.2,27.4,67.5,3.6,
2012-10-13,1009.2,27.1,68,3.7,
2012-10-14,1008.5,27.2,65,4,
2012-10-15,1008.5,27,65.8,3.5,
2012-10-16,1008.9,27.1,71.3,3.8,
2012-10-17,1009.6,27.8,65.5,4.9,
2012-10-18,1009.4,27.4,64.1,4,
2012-10-19,1008.8,27.5,65.7,3.1,
2012-10-20,1008.4,27.8,64,3.3,
2012-10-21,1007.6,27.9,62.2,3.5,
2012-10-22,1007.6,27.9,65.6,3.6,
2012-10-23,1007.7,27.6,68.2,3.6,
2012-10-24,1008.2,27.6,66,4.1,
2012-10-25,1008.2,27.4,66.7,3.9,
2012-10-26,1008.7,26.2,75.5,3.5,
2012-10-27,1009.3,27.2,68.7,3.2,
2012-10-28,1009.4,27.4,67.8,3.7,
2012-10-29,1010.7,27.2,65.7,3.8,
2012-10-30,1010.1,27.1,68.3,3.1,
2012-10-31,1007.9,26.6,71.3,2.8,
2012-11-01,1007.6,27.2,68.1,2.5,
2012-11-02,1009.3,26.9,71.5,1.9,
2012-11-03,1009.8,27.4,69,2.3,
2012-11-04,1008.8,27.2,73.3,2.1,
2012-11-05,1008.3,27.5,68.5,2.8,
2012-11-06,1008.4,27.4,66.1,3.1,
2012-11-07,1008.9,27.3,65.8,3.1,
2012-11-08,1007.8,27.4,64.7,3.6,
2012-11-09,1006.9,27.5,63,3.6,
2012-11-10,1007.4,27.1,66.2,3.7,
2012-11-11,1008.3,27.7,62,3.8,
2012-11-12,1008.5,28,64.6,4.1,
2012-11-13,1008.4,27.7,64.2,3.7,
2012-11-14,1008,27.4,67.3,3,
2012-11-15,1008,27.5,66.5,2.8,
2012-11-16,1008.3,27.3,66.2,2.9,
2012-11-17,1009.4,28,66.9,3.1,
2012-11-18,1009.2,28,68.6,2.7,
2012-11-19,1009,27.9,68.9,3,
2012-11-20,1008.2,28.3,66,3.7,
2012-11-21,1008.5,28.1,64.4,3.1,
2012-11-22,1008.2,27.8,67.3,2.9,
2012-11-23,1007.6,28.1,68.8,3,
2012-11-24,1008.2,28,67,3,
2012-11-25,1008.7,28.2,67.1,2.7,
2012-11-26,1008.7,28,69.3,2.9,
2012-11-27,1007.9,28.2,66.4,3.2,
2012-11-28,1007,27.8,66.9,3.7,
2012-11-29,1007.6,28,65.3,3.2,
2012-11-30,1007.7,27.5,68.7,3,
2012-12-01,1008.1,28,65.3,3.3,
2012-12-02,1007.6,27.6,69,3.2,
2012-12-03,1008.5,27.8,66.7,3.7,
2012-12-04,1009.5,28,67.5,3.6,
2012-12-05,1008.3,28.1,66.3,3.3,
2012-12-06,1007.3,27.5,70.3,3.5,
2012-12-07,1007.5,28,67.9,3.8,
2012-12-08,1008.8,27.9,68.3,3.3,
2012-12-09,1009.2,27.9,69.8,2.9,
2012-12-10,1007.9,27.6,70.5,2.7,
2012-12-11,1007.2,28.1,68.1,3.2,
2012-12-12,1006.9,28.2,68.3,3,
2012-12-13,1006.6,28,69.9,2.7,
2012-12-14,1006.5,28.4,67.9,3.5,
2012-12-15,1006.3,28.6,66.1,3.4,
2012-12-16,1007.1,28.3,68.9,3.4,
2012-12-17,1007.4,28.4,68.4,2.8,
2012-12-18,1007.2,28.2,69.3,2.7,
2012-12-19,1007,28.4,69,3.1,
2012-12-20,1006.7,28.3,67.8,3.7,
2012-12-21,1007.2,28.1,67.7,2.8,
2012-12-22,1007.8,28.4,68.8,3.4,
2012-12-23,1007.6,28.4,69.3,3.7,
2012-12-24,1008.2,27.9,71.2,3.4,
2012-12-25,1008.5,27.9,69.6,3.3,
2012-12-26,1009.1,28,70.2,2.4,
2012-12-27,1008.1,28.3,68.8,3,
2012-12-28,1007.6,28.2,69.6,3,
2012-12-29,1007.9,27.4,74.4,3.1,
2012-12-30,1008.1,28.3,66.6,3.3,
2012-12-31,1008.2,27.8,70.5,2.9,
2013-01-01,1008,27.9,71.7,3.4,
2013-01-02,1007.8,28.1,70,3.1,
2013-01-03,1009.2,27,79.1,2.6,
2013-01-04,1011.1,27.2,76.1,2.6,
2013-01-05,1010.9,27.1,75.5,2.2,
2013-01-06,1009.5,27.1,78.5,2.2,
2013-01-07,1008.4,28.4,67.3,3.5,
2013-01-08,1008.7,28.4,68.3,3.5,
2013-01-09,1008.9,28.5,67.4,3.6,
2013-01-10,1007.8,28.3,68.1,3.4,
2013-01-11,1006.5,28.1,67,3.5,
2013-01-12,1006.1,28.3,67.9,3.9,
2013-01-13,1006.8,28.5,64.8,3.6,
2013-01-14,1007.3,27.4,76.1,2.8,
2013-01-15,1006.5,27.8,74.7,2.7,
2013-01-16,1006.9,27.6,76.1,2.5,
2013-01-17,1008.3,28.5,68.8,3.1,
2013-01-18,1009.1,28.3,72.1,2.5,
2013-01-19,1008.7,27.7,74.9,2.2,
2013-01-20,1008.6,26.6,80.8,1.7,
2013-01-21,1008.5,28.1,76.5,2,
2013-01-22,1009,28.4,72.3,2.9,
2013-01-23,1008.8,28,73,2.4,
2013-01-24,1008.8,28.5,71.2,2.7,
2013-01-25,1009.6,28.3,70.9,3,
2013-01-26,1009.7,28.1,72.9,2.4,
2013-01-27,1010.4,28.4,67.3,3,
2013-01-28,1010.4,28.4,66.5,2.8,
2013-01-29,1009.7,28.3,63.5,3.1,
2013-01-30,1008.9,28,68.3,2.9,
2013-01-31,1008.4,28.5,66.1,3.2,
2013-02-01,1008.1,28.7,67.1,3.5,
2013-02-02,1008.6,29,67.3,3.8,
2013-02-03,1007.6,29,66.8,3.7,
2013-02-04,1006.8,28.6,67.9,3.5,
2013-02-05,1007.1,28.3,69.2,2.5,
2013-02-06,1007.9,28,70.8,2.5,
2013-02-07,1007.5,27.8,72.4,3,
2013-02-08,1007.1,28.9,66.3,3.5,
2013-02-09,1007.5,29.3,66.8,3.6,
2013-02-10,1007.3,29,67,3.3,
2013-02-11,1006.7,29.1,68.2,3.8,
2013-02-12,1006.1,28.9,67.7,3.4,
2013-02-13,1006.8,29.1,67.4,3.6,
2013-02-14,1008.4,28.3,72.5,2.8,
2013-02-15,1008.8,26.3,84.3,1.4,
2013-02-16,1007.9,27.2,77.8,2.1,
2013-02-17,1008.7,25.6,88.9,1,
2013-02-18,1008.1,26.6,83.6,2,
2013-02-19,1007.6,26.1,86.2,1.7,
2013-02-20,1006.8,27.6,74.5,2.7,
2013-02-21,1006.7,28.6,68.2,3.9,
2013-02-22,1007.2,28.5,69.3,3.3,
2013-02-23,1007.8,28,70.3,2.9,
2013-02-24,1007.5,28.5,69.3,3.8,
2013-02-25,1007.6,28,69,2.9,
2013-02-26,1007.9,28.4,69,3,
2013-02-27,1009.1,29,68.9,2.9,
2013-02-28,1008,28.6,70,3.3,
2013-03-01,1007,28.5,69.2,3.4,
2013-03-02,1007,29,67.7,4.5,
2013-03-03,1008,29.3,64.9,3.9,
2013-03-04,1008.7,28.7,71,3,
2013-03-05,1008,28.8,72.1,3.2,
2013-03-06,1008.6,29.1,70,3.6,
2013-03-07,1009.7,28.3,71,3.1,
2013-03-08,1010.2,28.6,66.9,2.9,
2013-03-09,1009.8,28.5,71.7,2.6,
2013-03-10,1009,28.3,74.3,2.9,
2013-03-11,1007.3,29,71.4,3.3,
2013-03-12,1007.2,28.9,69.8,3,
2013-03-13,1007,28.8,71.8,2.6,
2013-03-14,1006.8,29.1,71.3,3.3,
2013-03-15,1006.6,28.8,70.8,2.9,
2013-03-16,1007.5,27.4,77.5,2.6,
2013-03-17,1008,28.1,75.9,2.1,
2013-03-18,1007.3,28.1,78.8,2.5,
2013-03-19,1007,26.9,82,1.5,
2013-03-20,1007.5,27.3,83.8,1.5,
2013-03-21,1008.6,28.1,74.4,2.5,
2013-03-22,1009.2,28.2,73.3,2.3,
2013-03-23,1007.5,28.3,69.9,2.2,
2013-03-24,1006.8,27.9,73.7,1.5,
2013-03-25,1008.1,28,73,1.8,
2013-03-26,1009.7,28,76.1,1.8,
2013-03-27,1009.2,null,78.8,1.9,
2013-03-28,null,null,null,null,
2013-03-29,1008.6,28.6,75.1,2.6,
2013-03-30,1009.5,28.5,74,2.8,
2013-03-31,1010.2,28.7,73.3,2.7,
2013-04-01,1010.3,28.9,66.3,2.9,
2013-04-02,1009.8,27.6,73.1,2.1,
2013-04-03,1009.3,27.7,74,1.6,
2013-04-04,1009,26.7,83.8,1,
2013-04-05,1009.8,26.8,82.4,1.4,
2013-04-06,1010,27.9,77.7,1.8,
2013-04-07,1009.4,28.2,74.9,1.4,
2013-04-08,1008.7,27.1,83.4,.6,
2013-04-09,1007.8,27.5,82.3,1.2,
2013-04-10,1007.9,28,78.6,1.9,
2013-04-11,1008.5,28.7,72.3,2.6,
2013-04-12,1008.9,28.4,72,2.2,
2013-04-13,1008.3,28.4,71.9,2.4,
2013-04-14,1008.1,27.8,71.2,1.7,
2013-04-15,1008.7,28.4,74.2,1.6,
2013-04-16,1008.1,28.9,71.4,1.5,
2013-04-17,1008,28.5,73.8,1.5,
2013-04-18,1007.4,27.6,80.8,1.3,
2013-04-19,1007.2,27.2,84.5,1.6,
2013-04-20,1008.3,26.5,78.4,1.9,
2013-04-21,1008.1,27.1,79.6,1.3,
2013-04-22,1008.2,27.2,80.3,1.5,
2013-04-23,1009.2,26.2,82.4,1.4,
2013-04-24,1009.8,25.2,92.2,1,
2013-04-25,1009.4,26.8,81.8,2,
2013-04-26,1009.2,27.4,81.8,2.1,
2013-04-27,1007.9,27.9,76.5,2.1,
2013-04-28,1007.8,27.3,80,1.7,
2013-04-29,1008.2,26.9,78.3,2.5,
2013-04-30,1009.2,25.3,92.3,.8,
2013-05-01,1009.2,27,81.6,2.1,
2013-05-02,1008.9,27.4,78,2,
2013-05-03,1008.6,27.7,72.3,2,
2013-05-04,1007.7,27.9,73,2,
2013-05-05,1008.5,28,70.8,1.9,
2013-05-06,1009.8,27.2,78.4,2.3,
2013-05-07,1010.3,27.4,78.5,2,
2013-05-08,1011.1,28.2,75.1,1.8,
2013-05-09,1010.9,27.8,81.5,1.8,
2013-05-10,1010.4,28.1,73.2,2.3,
2013-05-11,1010,27.9,68.8,2.4,
2013-05-12,1008.7,27.5,77.4,1.8,
2013-05-13,1008.6,28.6,68.5,2.9,
2013-05-14,1008.8,26.5,84.3,2.2,
2013-05-15,1008.9,26.4,81.8,2.3,
2013-05-16,1007.9,27.3,78.7,2.1,
2013-05-17,1008.6,27.8,77.1,1.7,
2013-05-18,1009.6,26.6,83.9,1.6,
2013-05-19,1010.7,26.3,80.4,1.4,
2013-05-20,1009.5,26.8,80.6,1.3,
2013-05-21,1008.2,26.2,83.8,1.5,
2013-05-22,1008.1,26.7,83.5,1.7,
2013-05-23,1008.8,25.9,87.4,1.3,
2013-05-24,1008.7,26.8,81.4,1.9,
2013-05-25,1010.1,27.3,74.3,2.2,
2013-05-26,1010.4,27.5,75.7,2.6,
2013-05-27,1009.5,27.3,72.7,2.7,
2013-05-28,1008.4,27.3,73.6,2.7,
2013-05-29,1008.8,27.1,76.5,2.3,
2013-05-30,1009.9,26.8,75.7,2.3,
2013-05-31,1009.9,27,75.4,2.4,
2013-06-01,1009.5,27.2,68.1,2.4,
2013-06-02,1009.8,26.3,79.6,1.7,
2013-06-03,1010.9,26.7,78.6,1.7,
2013-06-04,1010.6,26.8,82.8,1.9,
2013-06-05,1010.5,25.9,84.1,1.7,
2013-06-06,1010.8,26,78,2.2,
2013-06-07,1010.9,26.2,80.2,2,
2013-06-08,1010.4,26.4,74.9,2,
2013-06-09,1010,26,81.1,1.9,
2013-06-10,1010,26.5,71.5,2.5,
2013-06-11,1011,26.8,78.5,2.3,
2013-06-12,1011.2,26.7,78.7,2.1,
2013-06-13,1010.7,26.4,79.1,2.1,
2013-06-14,1009.8,25.5,83.9,1.9,
2013-06-15,1009.8,26.4,78.4,1.8,
2013-06-16,1010.2,26.7,78.2,2.1,
2013-06-17,1010.9,27,78.2,1.9,
2013-06-18,1010.1,26.8,77.8,2.1,
2013-06-19,1009.3,26.8,78.3,2.1,
2013-06-20,1009.2,27.3,69.8,2.7,
2013-06-21,1009.9,25.5,82.7,2.1,
2013-06-22,1010.5,26.1,77.2,1.5,
2013-06-23,1010.5,26.6,77.7,1.9,
2013-06-24,1010.6,25.6,77.7,1.8,
2013-06-25,1010.2,26.5,76.7,1.2,
2013-06-26,1010,26.9,76.7,2,
2013-06-27,1010.7,27.8,71.7,2.4,
2013-06-28,1010.2,27.2,78.7,1.9,
2013-06-29,1009.5,24.9,91.7,1,
2013-06-30,1009.1,25.7,78.4,1.5,
2013-07-01,1009.4,26.8,71.1,2,
2013-07-02,1009.8,26.4,79,1.9,
2013-07-03,1011,25.5,83.3,2.3,
2013-07-04,1011.7,24.9,81.4,2.3,
2013-07-05,1011.6,26,74.3,1.8,
2013-07-06,1010.4,25.9,77.8,1.8,
2013-07-07,1010,26.9,74.4,2.2,
2013-07-08,1011.5,26.3,75.2,2.5,
2013-07-09,1011.7,26.1,79.8,1.8,
2013-07-10,1010.4,26.9,74.8,1.8,
2013-07-11,1010.3,25.9,69,2.4,
2013-07-12,1011.2,25.8,78.6,2.5,
2013-07-13,1011.6,25.5,78.8,2,
2013-07-14,1011,26.4,79,2.3,
2013-07-15,1011.5,26,78,2.8,
2013-07-16,1012.1,25.8,80.7,1.7,
2013-07-17,1011.2,26.3,80,2.2,
2013-07-18,1010.2,27.6,70.1,3.1,
2013-07-19,1010.5,26.2,78.9,3.1,
2013-07-20,1010.5,26.4,74.3,2.4,
2013-07-21,1010.1,26.3,78.2,1.8,
2013-07-22,1009.9,25.6,83.6,1.7,
2013-07-23,1009.2,26.4,75.1,2,
2013-07-24,1010.8,27.1,72.1,2.9,
2013-07-25,1013,27.4,72,3.2,
2013-07-26,1014.1,26.7,78.4,2.4,
2013-07-27,1012.6,26.3,74.9,2.3,
2013-07-28,1011.7,26.6,67.3,2.1,
2013-07-29,1012.7,26.1,71.7,2.4,
2013-07-30,1013.2,26.7,65.7,2.7,
2013-07-31,1012.6,26.3,69.5,2.2,
2013-08-01,1011.8,26.8,66.9,2.9,
2013-08-02,1011,26.8,66.5,3.5,
2013-08-03,1011.2,26.6,62.3,3.3,
2013-08-04,1011.8,26.6,69.7,3.2,
2013-08-05,1011.6,26.8,69.4,3.1,
2013-08-06,1010.7,27.2,69.5,3.6,
2013-08-07,1009.7,26.9,62.5,3.6,
2013-08-08,1008.6,26.8,59.2,3.5,
2013-08-09,1009.6,27,67.7,3.4,
2013-08-10,1009.6,27.4,68.8,4,
2013-08-11,1009.8,26.9,68.9,3.2,
2013-08-12,1009.5,26.7,71.1,3.1,
2013-08-13,1010,27.2,68.3,3.5,
2013-08-14,1010.2,27.4,69,3.6,
2013-08-15,1009.8,26.7,73.1,3.6,
2013-08-16,1010.5,27.1,70.4,3.7,
2013-08-17,1011,27.1,69,3.4,
2013-08-18,1010.8,27.1,73.3,2.8,
2013-08-19,1010.6,27,68.9,3.3,
2013-08-20,1010.4,27.4,67.7,3.6,
2013-08-21,1010.4,27.3,65,3.8,
2013-08-22,1009.4,27.2,64.3,3.5,
2013-08-23,1009.3,27.7,65.3,3.9,
2013-08-24,1009.7,27.7,66.1,3.1,
2013-08-25,1009.6,27.3,66.6,3,
2013-08-26,1008.9,27.6,65.8,2.4,
2013-08-27,1009.9,27.2,72.8,2.4,
2013-08-28,1011.6,27.2,69.6,2.7,
2013-08-29,1012.5,26.8,77.6,3.7,
2013-08-30,1011.7,27.5,70.5,3.4,
2013-08-31,1010.7,27.6,66.5,3.6,
2013-09-01,1009.7,27.6,64.8,3.8,
2013-09-02,1009.5,27,65.2,3.7,
2013-09-03,1009.9,27.2,68.7,3.3,
2013-09-04,1011.7,26.6,75.9,3.1,
2013-09-05,1011.6,26.8,72.4,3.8,
2013-09-06,1010.9,27.3,68.9,3.8,
2013-09-07,1010.6,27.2,68,3.5,
2013-09-08,1011.2,27.4,64.7,4.6,
2013-09-09,1011.6,27.5,64,4,
2013-09-10,1011.4,27.7,65.1,3.7,
2013-09-11,1009.4,27.2,62,3.7,
2013-09-12,1008.6,26.8,62,3.7,
2013-09-13,1009.9,27.2,67.3,4.2,
2013-09-14,1010.8,27.5,69.5,4.5,
2013-09-15,1010.4,27.6,68.2,4.5,
2013-09-16,1009.9,27.5,65.4,4.1,
2013-09-17,1010.2,27.3,67.2,3.7,
2013-09-18,1010.8,27.7,64.7,4,
2013-09-19,1010.8,27.6,63.5,4.7,
2013-09-20,1009.9,27.7,60,3.6,
2013-09-21,1009.7,27.5,63.4,3.1,
2013-09-22,1011.2,27.6,68.7,4.4,
2013-09-23,1012.3,27,70.5,3.5,
2013-09-24,1011.2,27,67.2,2.9,
2013-09-25,1009.8,27,72.4,3.1,
2013-09-26,1010.1,27.1,70.8,2.7,
2013-09-27,1010.7,27.3,73,3.1,
2013-09-28,1010.6,27.5,70.3,3.4,
2013-09-29,1009.5,27.8,63.3,4.1,
2013-09-30,1009.6,27.5,63.3,4,
2013-10-01,1009.7,27.2,68,4,
2013-10-02,1010.4,27.4,66.3,3.7,
2013-10-03,1011.3,27.9,62.1,3.8,
2013-10-04,1010.9,27.8,64.7,3.7,
2013-10-05,1009.9,27.5,66.8,3.4,
2013-10-06,1010,27.4,69.1,2.6,
2013-10-07,1011,27.9,67.3,2.8,
2013-10-08,1011.1,27.8,67.9,3.4,
2013-10-09,1010.2,28.2,64.9,3.8,
2013-10-10,1009.3,27.9,65.2,4.2,
2013-10-11,1009,28,61.5,4,
2013-10-12,1009.6,27.7,64.4,4.5,
2013-10-13,1010.4,27.2,64.7,3.9,
2013-10-14,1009.9,27.2,65.6,3.3,
2013-10-15,1009.5,27.7,66.8,3.5,
2013-10-16,1009.7,27.6,66.4,3.9,
2013-10-17,1009.5,27.5,65.8,3.6,
2013-10-18,1009.3,27.7,66.9,3.6,
2013-10-19,1010.1,27.7,64.9,3.5,
2013-10-20,1010.5,27.7,67.4,3,
2013-10-21,1009.9,28,65.6,3.7,
2013-10-22,1008.9,27.9,64.5,3.7,
2013-10-23,1009.1,27.3,69.6,3.4,
2013-10-24,1009.7,27.8,65.5,3.8,
2013-10-25,1010.3,27.8,66.1,3.8,
2013-10-26,1009.3,27.4,70.2,3.6,
2013-10-27,1009.2,27.9,69.5,3.4,
2013-10-28,1009.2,27.5,67.6,3.2,
2013-10-29,1008.5,27.6,66.5,3.4,
2013-10-30,1008.6,27.8,63.8,3.9,
2013-10-31,1008.4,27.9,61.5,4,
2013-11-01,1007.9,27.9,64.1,3.7,
2013-11-02,1007.7,28,68.6,3.5,
2013-11-03,1007.5,27.9,69.6,3.6,
2013-11-04,1007.4,27.4,73.1,3.2,
2013-11-05,1008.1,27.7,70,3.5,
2013-11-06,1009,28.2,67.4,4,
2013-11-07,1009.7,28,64.9,3.5,
2013-11-08,1008.3,28.1,66.9,3.9,
2013-11-09,1007.6,28.3,67.5,3.9,
2013-11-10,1007.2,28,67.5,3.9,
2013-11-11,1008.5,27.7,67.8,4,
2013-11-12,1008.9,27.8,67.2,3.7,
2013-11-13,1008.4,27.7,66.4,3.9,
2013-11-14,1008.6,27.9,65,3.7,
2013-11-15,1009.3,27.7,63.9,4,
2013-11-16,1008.7,27,69.1,3.7,
2013-11-17,1008.6,27.3,66.2,3.7,
2013-11-18,1007.7,27.6,64.3,3.8,
2013-11-19,1007.5,27.6,67.4,3.9,
2013-11-20,1008.3,28.1,65.6,4.1,
2013-11-21,1007.9,27.5,68.1,3.2,
2013-11-22,1006.4,26.9,74.3,3,
2013-11-23,1007.3,27.5,70.9,3,
2013-11-24,1008.3,28.1,68.8,2.9,
2013-11-25,1007.9,27.9,69.5,3.2,
2013-11-26,1005.6,27.9,68.1,3.4,
2013-11-27,1004.7,27.2,69.3,3.4,
2013-11-28,1006.7,27.3,67.6,2.9,
2013-11-29,1008.3,27.8,66.6,4,
2013-11-30,1008.6,27.5,69.1,3.4,
2013-12-01,1007.4,28.4,63.5,3.5,
2013-12-02,1008,28.1,66.8,3.2,
2013-12-03,1010.1,27.9,70.8,2.7,
2013-12-04,1010,27.9,69.1,3.1,
2013-12-05,1008.9,27.8,68.9,2.8,
2013-12-06,1008.5,28.2,67.6,3,
2013-12-07,1009.1,28.1,68.8,2.9,
2013-12-08,1009.3,28.1,67.3,3.3,
2013-12-09,1009.4,28.3,67.8,3.7,
2013-12-10,1009.5,27.8,64.2,3.5,
2013-12-11,1009.6,27.7,63.9,3.1,
2013-12-12,1009.8,27.7,68.3,2.4,
2013-12-13,1008.9,27.6,70.5,2.3,
2013-12-14,1008.5,27.9,68.5,3,
2013-12-15,1007.9,28,65.2,3.4,
2013-12-16,1007.1,27.8,66.5,3.3,
2013-12-17,1006.4,28,65.8,3.1,
2013-12-18,1006.4,28,67.3,3.1,
2013-12-19,1006.2,28,67.2,3,
2013-12-20,1006.4,26.7,75.8,2.4,
2013-12-21,1006.6,27.4,70.2,2.2,
2013-12-22,1006.8,27.6,73.4,2.9,
2013-12-23,1008.1,28.2,69.8,3.5,
2013-12-24,1007.7,28.4,66.2,3.9,
2013-12-25,1007.9,28.5,67.2,4.1,
2013-12-26,1009.2,28.5,67.5,3.6,
2013-12-27,1009.6,28.4,69,2.9,
2013-12-28,1009.4,28.5,68.6,3.6,
2013-12-29,1009.7,28.1,67.2,3.4,
2013-12-30,1009.8,28.1,66.3,3.6,
2013-12-31,1008.9,28.1,64.3,3.5,
2014-01-01,1008,28.3,66.3,3.3,
2014-01-02,1007.3,27.5,71.8,3.4,
2014-01-03,1008,26.9,71.7,3.3,
2014-01-04,1009.9,27,72.8,2.9,
2014-01-05,1009.5,27.3,69.1,2.1,
2014-01-06,1008.5,27.5,74.1,2.3,
2014-01-07,1007.6,27.1,73,2.3,
2014-01-08,1007.4,27.6,68.1,3,
2014-01-09,1008,27.5,72.3,2.9,
2014-01-10,1008.6,27.6,70.3,2.7,
2014-01-11,1008.7,28.2,64.4,3.7,
2014-01-12,1009.9,27,75.1,3.1,
2014-01-13,1011,27.5,74,2.6,
2014-01-14,1010.2,27.7,72.9,3,
2014-01-15,1009,28.2,71.6,2.8,
2014-01-16,1009.3,28.1,73.6,2.8,
2014-01-17,1010.3,28,75,2.9,
2014-01-18,1009.6,28.2,73.3,3,
2014-01-19,1008.9,28,71.8,3,
2014-01-20,1009.1,27.9,68,3.4,
2014-01-21,1009.6,28,65.3,3,
2014-01-22,1009.5,28.1,70.3,2.5,
2014-01-23,1009,28.4,68.4,2.8,
2014-01-24,1007.9,28.2,66.3,3.5,
2014-01-25,1007.8,27.7,68.6,3,
2014-01-26,1008.1,27.8,72.6,2.3,
2014-01-27,1008.3,28,71.7,3.2,
2014-01-28,1007.4,28.6,63.4,3.7,
2014-01-29,1008,28.7,64.3,3.1,
2014-01-30,1008.6,26.1,89.1,1.5,
2014-01-31,1008.4,26.8,73.5,2.3,
2014-02-01,1007.3,27.6,73.7,2.4,
2014-02-02,1006.8,27.8,73.2,2.6,
2014-02-03,1006.4,27.8,71.2,2.4,
2014-02-04,1007.3,25.6,81.9,1.7,
2014-02-05,1007.1,26.7,74.3,1.8,
2014-02-06,1007.8,26.9,77,1.9,
2014-02-07,1008.9,27.5,74.1,2.6,
2014-02-08,1008.7,27.1,78,2.4,
2014-02-09,1008.3,27.3,76.4,2.8,
2014-02-10,1008.5,27.9,74,2.8,
2014-02-11,1007.6,27.7,75.8,2.7,
2014-02-12,1006.7,27.7,77.8,2.7,
2014-02-13,1007.1,26.8,84.2,2.3,
2014-02-14,1008.4,28.1,74.1,2.9,
2014-02-15,1008.6,27.6,76.7,2.5,
2014-02-16,1007.8,27.1,80.1,2.1,
2014-02-17,1008,25.6,85.1,1.2,
2014-02-18,1007.4,26.9,80.8,1.9,
2014-02-19,1007.7,26.4,86.1,2.1,
2014-02-20,1007.7,27.1,82.7,2.4,
2014-02-21,1007.7,27.7,76.4,3,
2014-02-22,1007.5,27.6,73.1,2.8,
2014-02-23,1008.4,27.6,76.3,2.1,
2014-02-24,1007.8,28,73.7,3.1,
2014-02-25,1007.5,27.8,72.8,2.7,
2014-02-26,1007.7,27.6,71.9,2.5,
2014-02-27,1008,28,69.6,2.5,
2014-02-28,1008.5,27.3,73.8,1.9,
2014-03-01,1008.1,27.4,72.9,1.8,
2014-03-02,1007.1,27.6,72.2,2,
2014-03-03,1006.6,28.1,74,2.3,
2014-03-04,1007.7,27,83,2.2,
2014-03-05,1008.5,27.5,77.5,2,
2014-03-06,1008.6,27.2,76.9,1.8,
2014-03-07,1009,27.2,75.1,1.4,
2014-03-08,1009.4,27.6,74,1.8,
2014-03-09,1009.6,27.4,73.3,1.7,
2014-03-10,1009.2,26.7,80.7,1.2,
2014-03-11,1008.3,27,79.9,1.2,
2014-03-12,1008.5,27.2,80.6,1.5,
2014-03-13,1008.9,26.9,78.1,2.2,
2014-03-14,1008.7,27,81.9,2.6,
2014-03-15,1008.1,27,80.9,1.9,
2014-03-16,1008,26.7,79.1,2.1,
2014-03-17,1008,25.9,90,1.3,
2014-03-18,1008,27.1,81.9,1.7,
2014-03-19,1008.8,26.6,82.2,2.1,
2014-03-20,1007.9,27.7,78.8,2.5,
2014-03-21,1008,28.4,73.5,2.9,
2014-03-22,1008.6,28.2,73.7,2.8,
2014-03-23,1008.4,28.4,72.8,2.6,
2014-03-24,1007.9,28.3,74,2.1,
2014-03-25,1009,28.5,72.8,2,
2014-03-26,1010.3,27.8,72.8,1.8,
2014-03-27,1009,27.6,72.2,1.5,
2014-03-28,1008.8,26.5,79.6,1.1,
2014-03-29,1008.8,27.1,79.1,1.4,
2014-03-30,1008.9,26.5,80.2,1.3,
2014-03-31,1009.7,25.9,81.8,1.6,
2014-04-01,1008.9,25.6,86.2,1,
2014-04-02,1008.5,25.7,87.3,.9,
2014-04-03,1008.3,25.8,81.8,.7,
2014-04-04,1009.9,27.4,78.7,1,
2014-04-05,1010.7,27,86.5,1.4,
2014-04-06,1010.5,27.2,85,1.3,
2014-04-07,1009.4,27.3,null,1.3,
2014-04-08,1009.8,26.3,null,1.2,
2014-04-09,1009.7,25.5,null,.8,
2014-04-10,1009.1,27,null,1.1,
2014-04-11,1009.4,27.4,null,1.5,
2014-04-12,1009.1,26.6,null,1.1,
2014-04-13,1008.3,28.1,null,2.2,
2014-04-14,1007.9,27.9,null,2.1,
2014-04-15,1007.6,26.7,null,1.6,
2014-04-16,1007.8,26.4,null,1.1,
2014-04-17,1008,26.1,null,1.3,
2014-04-18,1008.1,25.5,null,.8,
2014-04-19,1008.9,27.3,null,1.9,
2014-04-20,1008.7,28.4,null,2.1,
2014-04-21,1008.6,27.8,null,1.6,
2014-04-22,1008.5,27.6,null,2.2,
2014-04-23,1008.7,27.7,null,2.2,
2014-04-24,1008.5,27.9,null,2.4,
2014-04-25,1007.7,28.2,null,2,
2014-04-26,1008,27.5,null,1.4,
2014-04-27,1008.3,27.6,null,1.1,
2014-04-28,1009.1,26.1,null,.7,
2014-04-29,1009.2,26.2,null,1.5,
2014-04-30,1007.1,27.2,null,1.7,
2014-05-01,1006.6,26,null,1.7,
2014-05-02,1008,27.2,null,1.3,
2014-05-03,1009.6,27,null,1.6,
2014-05-04,1009.8,27.2,null,1.9,
2014-05-05,1009,26.9,null,2,
2014-05-06,1009.4,26.9,null,2.4,
2014-05-07,1009.9,27.5,null,2,
2014-05-08,1009.5,27.3,null,2,
2014-05-09,1008,27.4,null,1.7,
2014-05-10,1008.1,26.5,null,.8,
2014-05-11,1009.1,25.5,null,.5,
2014-05-12,1008.7,26.3,null,1.1,
2014-05-13,1008.4,27,69.3,1.1,
2014-05-14,1008.8,25.5,72.8,1.7,
2014-05-15,1009.3,24.8,null,1.2,
2014-05-16,1007.7,26.8,null,1.5,
2014-05-17,1007.8,27.1,null,1.3,
2014-05-18,1008.2,27.2,null,.7,
2014-05-19,1008.7,27.2,null,.8,
2014-05-20,1008.4,27.2,null,.7,
2014-05-21,1008.4,25.8,null,.6,
2014-05-22,1008.8,26.9,null,1.6,
2014-05-23,1009.4,27.1,null,2.3,
2014-05-24,1009.1,27.4,null,1.9,
2014-05-25,1010,27.2,73.1,1.8,
2014-05-26,1010.7,26.8,73,1.6,
2014-05-27,1010.4,27.1,74.4,1.9,
2014-05-28,1009.2,26.4,83.3,1.3,
2014-05-29,1009.2,26.8,79.3,1.8,
2014-05-30,1009.2,27,75.2,1.9,
2014-05-31,1009.1,26.6,70.5,1.8,
2014-06-01,1008,26.6,71,1.8,
2014-06-02,1007.4,26.7,72.7,1.8,
2014-06-03,1008.2,26.9,74.4,1.9,
2014-06-04,1008.7,27.6,74.5,2.5,
2014-06-05,1008.3,27.9,70.8,2.9,
2014-06-06,1007.9,28,69.8,3.1,
2014-06-07,1008,26.9,74.5,2.9,
2014-06-08,1008.7,27.2,70.1,2.8,
2014-06-09,1010,27.1,72.9,1.9,
2014-06-10,1010.4,27.5,72,2.3,
2014-06-11,1010.7,28,60.2,3,
2014-06-12,1010,27.2,70.3,1.9,
2014-06-13,1010.9,27,75.3,1.9,
2014-06-14,1010.6,27,74.2,1.9,
2014-06-15,1010.6,25.7,78,2.3,
2014-06-16,1010.6,26.7,72.3,2.3,
2014-06-17,1011.5,27.3,69.4,2.7,
2014-06-18,1011.7,27.8,68.2,2.2,
2014-06-19,1012.4,27.3,73.2,2.4,
2014-06-20,1011.7,27.5,70.5,2.5,
2014-06-21,1011,27.4,67.2,2.1,
2014-06-22,1010.7,26.6,67,2.4,
2014-06-23,1012,27.4,69.4,2.4,
2014-06-24,1012,26.5,75.7,3,
2014-06-25,1009.8,27.5,68,3,
2014-06-26,1009.8,27.2,71.6,2.4,
2014-06-27,1011,26.2,77.9,2.2,
2014-06-28,1011.6,27.1,71.1,2.6,
2014-06-29,1011.5,26.9,74.1,2.2,
2014-06-30,1010.5,27.1,71.7,1.7,
2014-07-01,1010.2,26.6,72.9,2,
2014-07-02,1011.4,27.5,70.8,2.9,
2014-07-03,1012.9,26.5,73.7,2.5,
2014-07-04,1012.9,25.9,70.7,1.7,
2014-07-05,1011.7,25.8,69.3,1.9,
2014-07-06,1012.4,26.7,69.2,2.3,
2014-07-07,1013,27.7,64.5,3.3,
2014-07-08,1013,26.7,69.7,3,
2014-07-09,1011.8,27,71.8,2.8,
2014-07-10,1011,26.9,65.4,2.3,
2014-07-11,1011.5,26.4,68,2.7,
2014-07-12,1012.4,25.9,80.5,2,
2014-07-13,1012.9,26.7,73.8,2.4,
2014-07-14,1012.4,26.6,70.4,2.4,
2014-07-15,1012.9,26.9,66.2,2.9,
2014-07-16,1014,26.6,68.4,2.7,
2014-07-17,1014.2,26.5,67.6,2.4,
2014-07-18,1013.6,26.5,68.9,2.6,
2014-07-19,1012.9,26.6,68.1,2.6,
2014-07-20,1012.8,26.8,66.8,2.7,
2014-07-21,1012.8,27,66.6,3.1,
2014-07-22,1013.1,26.6,70.3,3.1,
2014-07-23,1012.7,26.5,70.6,2.7,
2014-07-24,1012,26.3,68.8,4,
2014-07-25,1011.4,26.3,69.6,3.2,
2014-07-26,1010.6,26.5,69.6,3.2,
2014-07-27,1011.5,27,61.6,3.1,
2014-07-28,1013.3,26.6,71,2.2,
2014-07-29,1012.8,26.6,67,2.2,
2014-07-30,1012.2,27,62.3,2.9,
2014-07-31,1012.1,26.7,63.5,2.7,
2014-08-01,1012.3,26.3,68.1,2.6,
2014-08-02,1011.8,27.4,66.7,2.8,
2014-08-03,1011.5,27.5,65.3,3.3,
2014-08-04,1012.2,26.8,71.1,3.2,
2014-08-05,1012.6,26.8,67.4,3.2,
2014-08-06,1012.3,27.1,67.8,3.3,
2014-08-07,1012,27.3,62.5,3.5,
2014-08-08,1011.8,27.2,59.2,3.3,
2014-08-09,1011.5,27.3,60.6,3.9,
2014-08-10,1011.3,27.4,63.7,3.6,
2014-08-11,1011.7,27.3,63.7,3.8,
2014-08-12,1011.6,26.9,57.5,3.2,
2014-08-13,1011.6,26.7,63.8,2.9,
2014-08-14,1011.4,27.2,65.5,3.2,
2014-08-15,1012.2,27.2,59.7,3.5,
2014-08-16,1012.8,26.5,63.7,2.7,
2014-08-17,1011.9,26.9,61.5,3.6,
2014-08-18,1010.7,27,60.4,3.4,
2014-08-19,1010.7,27,61.1,3.9,
2014-08-20,1012.2,26.9,60.1,3.4,
2014-08-21,1012.4,27,65.8,3.1,
2014-08-22,1011.2,27.2,63.8,3,
2014-08-23,1010.3,27,60.7,3.7,
2014-08-24,1010.3,27,58,3.8,
2014-08-25,1011,27,62.3,4.3,
2014-08-26,1011.3,26.8,65.3,3.7,
2014-08-27,1010.7,25.9,71.7,2.8,
2014-08-28,1010.4,26.3,71.1,2.6,
2014-08-29,1011.5,27.3,67.8,3.5,
2014-08-30,1011.7,27.4,65.9,3.6,
2014-08-31,1011.9,27.4,57.7,3.8,
2014-09-01,1012.3,26.6,60.8,3,
2014-09-02,1011.6,26.3,69.8,2.3,
2014-09-03,1010.4,27.1,72.3,2.2,
2014-09-04,1010.8,27.2,69.1,2.6,
2014-09-05,1010.9,27.3,67,3.2,
2014-09-06,1011.1,27.7,62.7,4,
2014-09-07,1011.3,27.9,61.8,3.4,
2014-09-08,1011.7,27.6,63.4,3.8,
2014-09-09,1011.2,26.3,71.5,3.6,
2014-09-10,1010,27.4,63.1,3.5,
2014-09-11,1009.3,27.4,62.3,4.4,
2014-09-12,1009.7,27.3,65.3,3.6,
2014-09-13,1010.5,27.4,67.2,3.9,
2014-09-14,1010.5,27.7,63.7,3.8,
2014-09-15,1011.1,27.4,59.8,4.3,
2014-09-16,1011.4,27.3,64.2,3.9,
2014-09-17,1011.1,26.7,69,3.3,
2014-09-18,1010.8,27,68.3,3.6,
2014-09-19,1010.9,26.8,68.1,3.2,
2014-09-20,1011.4,27.1,65.9,3.5,
2014-09-21,1010.6,27.2,68.8,2.8,
2014-09-22,1010.1,27.4,68.8,3.2,
2014-09-23,1010.8,27.5,67.2,3.9,
2014-09-24,1011.6,27.7,63.3,4.2,
2014-09-25,1011.5,27.3,63.9,3.6,
2014-09-26,1011.1,27.4,62.4,4,
2014-09-27,1011.6,27.3,63.6,3.8,
2014-09-28,1011.7,27.2,68.7,3.7,
2014-09-29,1011.6,27.5,64.8,3.3,
2014-09-30,1011.3,27.1,68.4,2.8,
2014-10-01,1010.6,27.5,70.3,3.3,
2014-10-02,1010.5,27.5,66.7,3.4,
2014-10-03,1010.2,27.6,65.3,3.1,
2014-10-04,1009.2,27.9,64.3,3.8,
2014-10-05,1009.6,27.9,59.8,4,
2014-10-06,1010.7,28.3,60.6,4.3,
2014-10-07,1010.4,26.8,68.9,3.3,
2014-10-08,1009,27.8,62.9,4.2,
2014-10-09,1008.1,27.8,59.7,3.5,
2014-10-10,1008.8,28.2,61,3.7,
2014-10-11,1009.8,28.2,62.8,3.9,
2014-10-12,1010.7,27.7,62.8,4,
2014-10-13,1010.9,27.7,61.6,4,
2014-10-14,1011.1,27.8,59.4,4,
2014-10-15,1011.6,27.6,63.3,3.8,
2014-10-16,1011.1,27.9,61.3,4.3,
2014-10-17,1010.9,28,62.3,4.2,
2014-10-18,1010.4,27.5,63.1,3.6,
2014-10-19,1009.8,27.8,65.9,3.7,
2014-10-20,1009,27.6,65.8,3.7,
2014-10-21,1009.3,27.4,63.1,3.4,
2014-10-22,1010.4,27.6,62.5,3.3,
2014-10-23,1010.3,27.3,66.4,3.3,
2014-10-24,1009.1,27.2,65.4,3.9,
2014-10-25,1009,27.7,60.6,3.6,
2014-10-26,1008.9,27.6,61.1,4,
2014-10-27,1009.1,27.7,63.7,3.8,
2014-10-28,1009.4,27.4,67.8,3.9,
2014-10-29,1008.9,27.6,66,3.4,
2014-10-30,1009.5,27.4,63.8,4,
2014-10-31,1009.7,27.7,61.3,3.9,
2014-11-01,1009.6,27.7,62.9,3.6,
2014-11-02,1008.2,27.7,66.6,3.8,
2014-11-03,1008.2,27.1,68.1,3.7,
2014-11-04,1009.4,27.4,65.7,3.6,
2014-11-05,1010.4,27.5,66.3,3.7,
2014-11-06,1010.2,27.7,64.3,3.8,
2014-11-07,1009,27.7,61.8,4,
2014-11-08,1009.5,27.5,63.4,3.7,
2014-11-09,1009,27.5,65.5,3.3,
2014-11-10,1007.7,27.5,66.6,3.1,
2014-11-11,1007.5,27.6,66,3.6,
2014-11-12,1008,27.8,64.8,3.3,
2014-11-13,1008,27.6,66,2.9,
2014-11-14,1007.5,27.6,66.6,2.9,
2014-11-15,1009,28,64.5,2.9,
2014-11-16,1009.3,27.8,67.9,2.3,
2014-11-17,1009.1,28,68.6,2,
2014-11-18,1008.4,27.8,67.8,2.2,
2014-11-19,1009.2,27.5,68.5,2.9,
2014-11-20,1009,27.8,64.6,3.7,
2014-11-21,1008.9,27.2,66.9,3.3,
2014-11-22,1008.9,27.4,66.6,3.5,
2014-11-23,1009.6,27.7,62.6,3.2,
2014-11-24,1010,27.7,65.9,3.2,
2014-11-25,1008.6,28,66.7,3.9,
2014-11-26,1008.7,27.6,65.8,4.1,
2014-11-27,1009.1,26.5,71.7,3,
2014-11-28,1009,27.2,67.4,2.5,
2014-11-29,1008.6,27.4,69.5,2.6,
2014-11-30,1009.3,27.7,64,3.1,
2014-12-01,1009.1,27.9,65.2,2.9,
2014-12-02,1008,27.8,67.8,3.3,
2014-12-03,1007.2,28.2,65.5,3.8,
2014-12-04,1007.8,27.4,70.8,3.7,
2014-12-05,1009.2,27.6,68.8,3.2,
2014-12-06,1009.1,27.5,68.3,2.9,
2014-12-07,1009,27.8,67.5,3,
2014-12-08,1008.4,28.1,66.8,4,
2014-12-09,1007.5,28,64.1,3.8,
2014-12-10,1008.3,27.7,67.5,3.8,
2014-12-11,1008.7,27.9,66.2,3.8,
2014-12-12,1008.5,27.9,65.7,3.3,
2014-12-13,1008.7,27.8,67,3.2,
2014-12-14,1008.8,27.6,67,3.4,
2014-12-15,1009.8,27.7,66.2,2.4,
2014-12-16,1009.9,27.2,72.4,2.8,
2014-12-17,1009.4,27.6,67.7,3.1,
2014-12-18,1008.9,27.4,65.5,2.6,
2014-12-19,1008.7,28,65.8,3.3,
2014-12-20,1009.5,28.1,64.9,3.7,
2014-12-21,1009.7,27.9,67.2,3.3,
2014-12-22,1009.4,28.1,62.8,3.7,
2014-12-23,1009.1,27.9,66.4,3.5,
2014-12-24,1009.4,27.9,63.9,3.8,
2014-12-25,1010.5,27.7,64.1,3.9,
2014-12-26,1010.6,27.3,68.6,3.2,
2014-12-27,1009.5,28.1,65.5,3.7,
2014-12-28,1009.6,27.8,69.6,3.1,
2014-12-29,1010.4,26.9,73.9,2.1,
2014-12-30,1010.3,27,73.8,1.7,
2014-12-31,1010.1,27.4,70.4,2.6,
2015-01-01,1010,27.6,69.4,2.7,
2015-01-02,1009.6,27.2,68.9,2.1,
2015-01-03,1009.7,24.9,82.6,1,
2015-01-04,1010.8,26.1,76.5,1.5,
2015-01-05,1011.5,26.1,73.9,1.9,
2015-01-06,1010.7,27,73.6,2.4,
2015-01-07,1010.3,26.9,74.5,2.8,
2015-01-08,1010,27.2,69.3,3,
2015-01-09,1009.7,27.6,67,2.8,
2015-01-10,1009.9,27.9,66.9,3.4,
2015-01-11,1010.3,27.4,71.2,3.7,
2015-01-12,1010.4,27.8,69.3,3.2,
2015-01-13,1009.5,27.6,70.3,3.5,
2015-01-14,1009.1,27.8,65.5,3.5,
2015-01-15,1010,27.9,62.6,3.4,
2015-01-16,1010.3,27.9,66,3.4,
2015-01-17,1009.9,28.3,66.6,3.6,
2015-01-18,1010.1,27.6,73.4,3.4,
2015-01-19,1009.8,27.8,69,3.4,
2015-01-20,1008.4,27.7,68.8,2.6,
2015-01-21,1008.6,27.8,70.5,2.9,
2015-01-22,1009.5,27.6,66.7,3.1,
2015-01-23,1009.9,27.7,64.3,3.2,
2015-01-24,1009.4,27.8,68.3,2.8,
2015-01-25,1009.5,28,65.2,3.3,
2015-01-26,1009.9,28,63.4,2.6,
2015-01-27,1009.6,27.9,67.6,2.8,
2015-01-28,1009.1,27.6,66.1,2.8,
2015-01-29,1008.8,27.4,67,2.4,
2015-01-30,1009.2,27.3,69.8,2.3,
2015-01-31,1008.9,27.6,69.7,2.5,
2015-02-01,1008.9,28.5,68.7,3.3,
2015-02-02,1009.1,28.4,69.4,3.1,
2015-02-03,1009.7,28.1,72,2.4,
2015-02-04,1008.9,28.3,70.7,2.5,
2015-02-05,1008.8,28.1,70.3,2.3,
2015-02-06,1008,28.3,67,2.6,
2015-02-07,1008,28,68.8,2.6,
2015-02-08,1008.7,28.4,68,2.9,
2015-02-09,1007.7,28.5,65.3,3.3,
2015-02-10,1007.9,28.6,66.8,3.5,
2015-02-11,1010,28.7,64.5,3.6,
2015-02-12,1011.1,28.6,65.3,3.4,
2015-02-13,1010.8,28.7,66.4,3.5,
2015-02-14,1010.3,28.7,63.6,3.5,
2015-02-15,1010,28.3,67.3,3,
2015-02-16,1009.8,27.6,73.4,2.8,
2015-02-17,1009,27.4,74.4,2.8,
2015-02-18,1007.6,28.1,70.9,2.5,
2015-02-19,1007.3,27.8,73.2,2.5,
2015-02-20,1008.6,27.5,72.1,1.7,
2015-02-21,1008.9,25.7,82.2,.9,
2015-02-22,1008.3,25.4,81.4,1.3,
2015-02-23,1008.6,25,86.3,.6,
2015-02-24,1010,25.7,84.3,1.1,
2015-02-25,1010.4,25.3,87,1.3,
2015-02-26,1008.5,26.9,76.3,2,
2015-02-27,1007.5,26.1,81.5,1,
2015-02-28,1008.9,25.5,84.5,.7,
2015-03-01,1009,26.4,79.5,1.2,
2015-03-02,1008.7,26.6,77.8,1.5,
2015-03-03,1008.2,27.4,72.3,2.1,
2015-03-04,1008,27,74.1,1.9,
2015-03-05,1008,27.1,77.7,1.2,
2015-03-06,1008,26.6,80.1,1.4,
2015-03-07,1008.4,25.2,84.3,1.3,
2015-03-08,1009,24.7,89.8,.6,
2015-03-09,1008.5,25,87.8,.9,
2015-03-10,1008.3,25.3,86.8,1.2,
2015-03-11,1008,27.6,74.9,2.7,
2015-03-12,1007.6,27.2,76.9,2.1,
2015-03-13,1006.6,27.6,73,2.3,
2015-03-14,1006.5,27.7,71.2,2.5,
2015-03-15,1007.5,28.1,70.5,2.8,
2015-03-16,1007.9,27.9,74.1,2.1,
2015-03-17,1007.9,28.7,68.8,3.6,
2015-03-18,1008.3,28.4,67.7,3.4,
2015-03-19,1007.6,27.6,75,2.2,
2015-03-20,1006.8,27.8,73,1.4,
2015-03-21,1007.7,26,80.5,1.7,
2015-03-22,1009.2,25.7,81.2,1.2,
2015-03-23,1011.5,25.2,84.7,1.2,
2015-03-24,1011,26.1,80.2,1.4,
2015-03-25,1010.3,26.6,79.2,1.4,
2015-03-26,1009.5,27.5,76,1.2,
2015-03-27,1010.9,26.9,75.8,1.5,
2015-03-28,1011.5,27,75.5,1.4,
2015-03-29,1010.4,27.7,75.4,1.3,
2015-03-30,1009.3,26.4,82.1,1.1,
2015-03-31,1009.1,26.6,82.8,1,
2015-04-01,1009.3,26.8,80.5,1.2,
2015-04-02,1009.7,25.5,84.7,.7,
2015-04-03,1008.5,25.1,84.3,1.1,
2015-04-04,1007.6,25.9,81.7,1.3,
2015-04-05,1007.7,26.6,74.9,1.5,
2015-04-06,1008.2,27.4,74.7,1.2,
2015-04-07,1008.2,28,72.9,1.4,
2015-04-08,1009,27.9,75,1.1,
2015-04-09,1009.2,26.6,82.8,1,
2015-04-10,1009.6,26.7,81.8,1.3,
2015-04-11,1009.5,27.3,78.3,1.6,
2015-04-12,1008.9,27.4,76.6,1.6,
2015-04-13,1010.4,25.6,86.8,1,
2015-04-14,1010.2,24.7,90.3,.5,
2015-04-15,1008.9,27.1,79.2,1.9,
2015-04-16,1008.8,27.3,75.3,1.8,
2015-04-17,1008.9,27.3,77.5,1.7,
2015-04-18,1008.6,27.6,78.1,1.9,
2015-04-19,1008.1,27.6,76.9,1.7,
2015-04-20,1008.7,27,78.5,1.1,
2015-04-21,1009.1,26.9,77.7,1.1,
2015-04-22,1008.9,27.1,78.8,1.5,
2015-04-23,1009.9,25.8,84.3,1.6,
2015-04-24,1010.3,24.8,88.9,1.3,
2015-04-25,1010.4,26.9,80.5,1.9,
2015-04-26,1009.7,27.5,79,1.7,
2015-04-27,1009.1,27.6,76.4,2.4,
2015-04-28,1008.3,27.7,74.8,2.4,
2015-04-29,1008.1,27.3,77.2,2.3,
2015-04-30,1007.9,27.7,75.2,2.3,
2015-05-01,1007.9,27.6,76.4,1.8,
2015-05-02,1007.9,28.1,74.1,2.4,
2015-05-03,1008.5,27.8,75,2.4,
2015-05-04,1009.4,27.5,72.8,2.2,
2015-05-05,1009.5,27.2,76.5,1.9,
2015-05-06,1009.3,27.9,73.7,1.9,
2015-05-07,1009.1,27.4,76.6,1.9,
2015-05-08,1010.3,27.6,76.2,1.9,
2015-05-09,1010.5,27.3,76.1,2,
2015-05-10,1009.7,27.8,72,3,
2015-05-11,1009.5,27.9,70.1,2.5,
2015-05-12,1009.4,27.4,72.8,2,
2015-05-13,1009.3,27.3,72.9,1.9,
2015-05-14,1009,28.2,69.5,3,
2015-05-15,1009.3,28.1,67.7,3,
2015-05-16,1010,28.3,67.7,2.1,
2015-05-17,1010.5,28.3,69.9,2.6,
2015-05-18,1010,27.8,69.3,2.2,
2015-05-19,1009.9,27.6,72.1,2.3,
2015-05-20,1010,28.1,73.5,2.3,
2015-05-21,1011.4,28.3,68.5,2.7,
2015-05-22,1011.6,28.3,70.2,2.9,
2015-05-23,1010.7,27.6,75.6,2.4,
2015-05-24,1009.6,27.4,77.5,2.2,
2015-05-25,1009.2,28.3,73.1,2.9,
2015-05-26,1009.4,26.8,81.7,2.2,
2015-05-27,1009.7,27.8,73.6,2.4,
2015-05-28,1009.5,27.6,76.1,2.3,
2015-05-29,1008.6,27.9,71.9,2.5,
2015-05-30,1008.5,27.1,77.8,1.9,
2015-05-31,1009.7,27.2,72.9,3.1,
2015-06-01,1010.1,27.5,70,2.1,
2015-06-02,1009.8,26.9,74.9,1.7,
2015-06-03,1010.1,28,71.5,2.3,
2015-06-04,1010.8,26.7,81.7,2.5,
2015-06-05,1010.9,26.5,77.9,1.9,
2015-06-06,1009.4,27.1,75.4,2.4,
2015-06-07,1009.8,27.5,69.5,2.5,
2015-06-08,1010.4,26.4,77.5,2.2,
2015-06-09,1009.8,26.3,77.8,1.7,
2015-06-10,1009.6,27.3,74.8,2.4,
2015-06-11,1009.5,27.9,69.3,2.8,
2015-06-12,1010.5,27.3,70.8,2.7,
2015-06-13,1010.7,27.4,68.9,3,
2015-06-14,1010.2,26.9,77.1,2.5,
2015-06-15,1010.8,27.4,73.3,2.4,
2015-06-16,1010.3,27,73.2,2.4,
2015-06-17,1010.3,26.9,65.8,3.1,
2015-06-18,1010.8,26.6,68.3,2.3,
2015-06-19,1011.7,26.3,73.7,2.3,
2015-06-20,1011.9,27.1,67.9,2.6,
2015-06-21,1012.8,27.3,71.5,2.9,
2015-06-22,1013.1,27.6,66,2.5,
2015-06-23,1013.6,26,76.7,2.4,
2015-06-24,1014.3,26.2,76,1.7,
2015-06-25,1014.8,25.8,78.3,2.6,
2015-06-26,1014.4,25.8,72.3,2.5,
2015-06-27,1013.1,26.7,68.3,2,
2015-06-28,1011.8,26.7,72.2,1.9,
2015-06-29,1011.9,26.8,76.3,2.7,
2015-06-30,1011.7,26.2,78,2.3,
2015-07-01,1011.6,26.6,76.6,2.6,
2015-07-02,1010.8,27,71.7,2.5,
2015-07-03,1010.8,26.1,80.8,2.1,
2015-07-04,1010.5,26.3,80.2,1.8,
2015-07-05,1010.3,24.7,88.4,1.2,
2015-07-06,1009.4,26.1,74.3,2.1,
2015-07-07,1010,26.7,71.2,2.1,
2015-07-08,1011.1,25.7,80.6,1.6,
2015-07-09,1011.9,26.2,76.2,2,
2015-07-10,1012.7,26.7,74.9,2.5,
2015-07-11,1012.5,27.1,70.5,3.2,
2015-07-12,1011.9,26.7,71.2,2.7,
2015-07-13,1011.4,27.1,69.7,3.3,
2015-07-14,1010.6,26.7,67.3,3.6,
2015-07-15,1010.6,27,65,3.4,
2015-07-16,1010.3,26.4,70.9,3.3,
2015-07-17,1012.4,24.6,81.4,3.2,
2015-07-18,1012.1,25.8,73.4,2.8,
2015-07-19,1011.9,26.6,68.2,2.9,
2015-07-20,1011.7,27.2,67.4,3.3,
2015-07-21,1011.6,26.7,75.4,2.8,
2015-07-22,1011.5,26.7,76,2.8,
2015-07-23,1012.2,26.8,71.7,2.9,
2015-07-24,1012.4,26.8,70.5,3.2,
2015-07-25,1011.9,26.8,69,2.6,
2015-07-26,1011.4,26.7,69.3,2.7,
2015-07-27,1011.4,25.9,76.5,2.1,
2015-07-28,1011.2,26.4,72.7,3,
2015-07-29,1011.9,26.6,67.9,3.3,
2015-07-30,1012.1,26.5,68.5,2.9,
2015-07-31,1012.1,26,67.8,2.9,
2015-08-01,1011.4,26.1,65.5,3.1,
2015-08-02,1010.9,26.6,66.9,3.2,
2015-08-03,1011.9,26.8,67.3,3.6,
2015-08-04,1012.6,26.9,65,3.5,
2015-08-05,1012.2,26.7,69.5,2.6,
2015-08-06,1011.3,26.9,68.4,3.3,
2015-08-07,1010.6,26.7,67.9,3.2,
2015-08-08,1010.7,26.7,66.7,2.9,
2015-08-09,1010.6,26.8,68,2.8,
2015-08-10,1011.5,26.8,65,3.1,
2015-08-11,1011.6,26.6,66.1,3.2,
2015-08-12,1011.3,26.7,63.2,3.3,
2015-08-13,1011.9,26.7,62.8,3,
2015-08-14,1012.2,26.4,68,2.9,
2015-08-15,1011.8,26.9,69.3,3.3,
2015-08-16,1011.4,27,67.2,3.2,
2015-08-17,1011,27,65,3.9,
2015-08-18,1010.6,26.9,63,4,
2015-08-19,1010.1,26.4,64.8,3.6,
2015-08-20,1010.9,26.5,65.8,3.2,
2015-08-21,1011.5,25.8,74,2.2,
2015-08-22,1009.9,26.6,74.9,2.9,
2015-08-23,1009,27,66.5,3.6,
2015-08-24,1010.1,26.7,65,3.8,
2015-08-25,1011.4,27,69,3.2,
2015-08-26,1011.4,27,70.1,3.2,
2015-08-27,1010.7,26.9,66.4,3.5,
2015-08-28,1011.3,26.8,63.5,3.8,
2015-08-29,1012.8,26.6,65.3,3.7,
2015-08-30,1012.8,26.8,67.2,3.3,
2015-08-31,1011.7,27,65.5,3.8,
2015-09-01,1011.6,27,65.8,3.8,
2015-09-02,1011.6,26.1,73.4,3.2,
2015-09-03,1011.8,26.7,69.3,3.3,
2015-09-04,1012.1,27,70.3,3.3,
2015-09-05,1011.9,26.8,71.9,3.1,
2015-09-06,1012,26.8,68,3.4,
2015-09-07,1011.2,27.1,62.7,3.8,
2015-09-08,1010.4,26.8,66.5,3.4,
2015-09-09,1010.2,26.9,69.8,3.4,
2015-09-10,1009.6,27.5,64.3,3.7,
2015-09-11,1009.6,27.6,61.3,3.5,
2015-09-12,1010.8,27.5,65.8,3.2,
2015-09-13,1011.3,26.6,73.1,3.3,
2015-09-14,1012.1,26.7,70.2,3.4,
2015-09-15,1012.2,27.5,65.5,3.5,
2015-09-16,1011.2,27.5,62.6,3.5,
2015-09-17,1010.6,27.2,61.6,3.5,
2015-09-18,1011,27,68.1,3.5,
2015-09-19,1011.9,27.3,65,3.8,
2015-09-20,1011.5,26.9,66.9,3.4,
2015-09-21,1011.3,26.9,66.5,3.5,
2015-09-22,1010.7,27,65.2,3.9,
2015-09-23,1010.4,27.1,66.8,3.7,
2015-09-24,1010.8,27.6,66.7,4.1,
2015-09-25,1011.7,27.1,67.9,2.9,
2015-09-26,1010.6,27.2,65.2,3.7,
2015-09-27,1010.7,27.2,65.4,3.3,
2015-09-28,1010.3,27.2,64.8,3.5,
2015-09-29,1009.2,27.2,64.2,3.7,
2015-09-30,1008.6,27.5,60.3,4,
2015-10-01,1008.8,27.1,64.4,3.5,
2015-10-02,1009.3,27.6,62,3.6,
2015-10-03,1010,27.3,64.4,3.3,
2015-10-04,1010.7,27.3,66.9,3.1,
2015-10-05,1011.5,27,68.8,2.7,
2015-10-06,1011.7,27.4,68.3,2.3,
2015-10-07,1010.3,27.5,68.3,3.2,
2015-10-08,1010.1,27.6,62.6,4.2,
2015-10-09,1010.5,27.3,63.6,3.7,
2015-10-10,1010.9,27.3,62.2,4.2,
2015-10-11,1010.1,27.4,64.3,4.1,
2015-10-12,1010.6,27.6,62.8,3.9,
2015-10-13,1010.7,27.8,63,4,
2015-10-14,1010.5,28,64.1,4.6,
2015-10-15,1010.4,27.7,62.6,4.3,
2015-10-16,1010.5,27.7,62.2,3.6,
2015-10-17,1010.6,27.6,61.9,3.2,
2015-10-18,1011.5,27.3,66.5,2.9,
2015-10-19,1011.5,27.4,66,3.5,
2015-10-20,1011.1,27.5,64.9,3.5,
2015-10-21,1010.3,27.5,65.8,3.6,
2015-10-22,1009.9,27.4,63.7,3.7,
2015-10-23,1010.1,27.4,66.4,3.3,
2015-10-24,1011.1,27.1,66.5,2.9,
2015-10-25,1010.7,27,68.7,2.6,
2015-10-26,1010.8,27.4,67.3,3.2,
2015-10-27,1010.7,27.6,62.3,4,
2015-10-28,1010.4,27.5,62.4,3.6,
2015-10-29,1009.6,27.5,63.8,3.6,
2015-10-30,1010,27.2,65.3,3,
2015-10-31,1010.4,26.9,69.3,2.8,
2015-11-01,1009.7,27.3,64.9,3.2,
2015-11-02,1008.7,27.2,65.9,3.8,
2015-11-03,1009,27.7,61.8,3.9,
2015-11-04,1010.1,27.9,56.7,3.3,
2015-11-05,1009.4,27.9,62,3.7,
2015-11-06,1009.1,27.6,67.6,3,
2015-11-07,1009.6,27.8,66.2,3.4,
2015-11-08,1010.2,27.4,67.3,3.3,
2015-11-09,1011,27.5,66.9,3.1,
2015-11-10,1010.6,27.5,66,2.8,
2015-11-11,1008.6,27.6,63.4,3.8,
2015-11-12,1008.6,27.4,65,3.5,
2015-11-13,1009.8,27.6,66.6,3.1,
2015-11-14,1011.1,27.8,66.4,3.1,
2015-11-15,1010,27.9,67.9,2.4,
2015-11-16,1008.3,28,69.2,3.1,
2015-11-17,1007.4,27.8,67.4,3.2,
2015-11-18,1006.9,27.7,65.7,2.8,
2015-11-19,1006.4,27.7,65.4,2.8,
2015-11-20,1007.5,27.8,64.5,3,
2015-11-21,1008.9,27.7,68.2,2.7,
2015-11-22,1008,28.2,68,3,
2015-11-23,1007,27.7,68.8,2.4,
2015-11-24,1006.6,28.2,67.4,3.3,
2015-11-25,1008.6,28.2,67.9,2.5,
2015-11-26,1008.9,28.3,65.9,2.4,
2015-11-27,1008.6,28,68.6,2,
2015-11-28,1008.4,28,67.5,2.7,
2015-11-29,1009.8,28.3,65,3,
2015-11-30,1010.2,28.6,66.4,3.9,
2015-12-01,1009.5,28.5,67.3,4.2,
2015-12-02,1009.3,28.7,64.9,3.6,
2015-12-03,1009.8,28.5,63.5,3.2,
2015-12-04,1009.9,28,64.6,2.6,
2015-12-05,1010.4,28.3,64.8,2.3,
2015-12-06,1010.5,28.1,65.1,2.3,
2015-12-07,1010.2,28.3,62.1,2.7,
2015-12-08,1009.9,28.4,65.6,3,
2015-12-09,1009.9,28.7,66.6,3.2,
2015-12-10,1010,28.1,68.3,3.5,
2015-12-11,1011,28.2,63.5,3.4,
2015-12-12,1010.8,28.4,66,2.9,
2015-12-13,1009.2,28.8,67.3,3.6,
2015-12-14,1008.3,28.7,62.2,3.6,
2015-12-15,1008.9,28.2,64.3,2.8,
2015-12-16,1009.4,28.7,68,3.2,
2015-12-17,1010,27.4,75.7,2.8,
2015-12-18,1009.7,28.2,70.3,3,
2015-12-19,1009.7,28.5,68.6,3.3,
2015-12-20,1009.9,28.1,69.2,3.2,
2015-12-21,1009.5,28.3,67.6,3.3,
2015-12-22,1009.3,28.4,64.9,3.2,
2015-12-23,1009.2,28.5,61.6,3.5,
2015-12-24,1009.9,26.6,75.4,2.6,
2015-12-25,1010.2,27.3,73.1,1.7,
2015-12-26,1009.4,27.8,72.3,3.1,
2015-12-27,1008.3,28.3,66,3.5,
2015-12-28,1009.8,27,74.3,2.4,
2015-12-29,1011.3,28.1,61,2.3,
2015-12-30,1010.7,28.7,67.9,3.2,
2015-12-31,1009.3,28.5,68.3,3.4,
2016-01-01,1008.9,28.2,70.8,2.6,
2016-01-02,1009.2,28.4,72,2.4,
2016-01-03,1009,28.5,71.7,2.2,
2016-01-04,1009,28.4,71.8,2.2,
2016-01-05,1009.6,28.4,72.7,2.4,
2016-01-06,1009.5,28.5,72.2,2.1,
2016-01-07,1009.6,27.6,75.2,2,
2016-01-08,1009,26.2,83.8,1.4,
2016-01-09,1009.5,25.8,83.2,1.1,
2016-01-10,1009.2,26.5,82.1,1.8,
2016-01-11,1008.6,27.8,74.7,2.4,
2016-01-12,1008,28.4,72.5,2.8,
2016-01-13,1008.1,28.5,71.8,2.6,
2016-01-14,1009,27.8,74.4,1.1,
2016-01-15,1008.9,27.8,75,1.6,
2016-01-16,1008,28.6,70.4,1.8,
2016-01-17,null,null,71.7,null,
2016-01-18,null,null,null,null,
2016-01-19,null,null,null,null,
2016-01-20,null,null,null,null,
2016-01-21,null,null,null,null,
2016-01-22,null,null,null,null,
2016-01-23,null,null,null,null,
2016-01-24,null,null,null,null,
2016-01-25,null,null,null,null,
2016-01-26,null,null,null,null,
2016-01-27,null,null,65.8,null,
2016-01-28,null,null,null,null,
2016-01-29,null,null,null,null,
2016-01-30,null,null,null,null,
2016-01-31,null,null,null,null,
2016-02-01,null,null,null,null,
2016-02-02,null,null,null,null,
2016-02-03,null,null,null,null,
2016-02-04,null,null,null,null,
2016-02-05,null,null,null,null,
2016-02-06,null,null,null,null,
2016-02-07,null,null,null,null,
2016-02-08,null,null,null,null,
2016-02-09,null,null,null,null,
2016-02-10,null,null,null,null,
2016-02-11,null,null,null,null,
2016-02-12,null,null,null,null,
2016-02-13,null,null,null,null,
2016-02-14,null,null,null,null,
2016-02-15,null,null,null,null,
2016-02-16,null,null,null,null,
2016-02-17,null,null,null,null,
2016-02-18,null,null,null,null,
2016-02-19,null,null,null,null,
2016-02-20,null,null,null,null,
2016-02-21,null,null,null,null,
2016-02-22,null,null,null,null,
2016-02-23,null,null,null,null,
2016-02-24,null,null,null,null,
2016-02-25,null,null,null,null,
2016-02-26,null,null,null,null,
2016-02-27,null,null,null,null,
2016-02-28,null,null,null,null,
2016-02-29,null,null,null,null,
2016-03-01,null,null,null,null,
2016-03-02,null,null,null,null,
2016-03-03,null,null,null,null,
2016-03-04,null,null,null,null,
2016-03-05,null,null,null,null,
2016-03-06,null,null,null,null,
2016-03-07,null,null,null,null,
2016-03-08,null,null,null,null,
2016-03-09,null,null,null,null,
2016-03-10,null,null,null,null,
2016-03-11,null,null,null,null,
2016-03-12,1009.9,28.5,72.3,1.9,
2016-03-13,1009.4,28.4,73.4,2,
2016-03-14,1009.6,27.6,75.5,2.1,
2016-03-15,1009.7,27.5,77.7,1.9,
2016-03-16,1009.8,28,76.5,2.2,
2016-03-17,1010.4,27.1,82.3,2.1,
2016-03-18,1009.8,27.6,78.3,2.3,
2016-03-19,1009.2,28.5,73.6,2.1,
2016-03-20,1009,28.3,76.4,2,
2016-03-21,1009.7,28.8,73.7,2.1,
2016-03-22,1010.3,28.6,74.5,2.1,
2016-03-23,1009.3,28.4,74.3,2,
2016-03-24,1008.9,28.5,71.3,2.1,
2016-03-25,1008.9,27.7,78.4,1.8,
2016-03-26,1008.9,28.5,76.6,2.3,
2016-03-27,1008.7,28.7,75.4,2.6,
2016-03-28,1008.2,28.6,72.1,2.6,
2016-03-29,1009.5,27,82.6,1.3,
2016-03-30,1010.9,26.1,86.8,.9,
2016-03-31,1010.9,26.1,85.2,.9,
2016-04-01,1009.5,25.5,89.5,.7,
2016-04-02,1007.9,25.2,90.8,.5,
2016-04-03,1009,25.2,90.2,.5,
2016-04-04,null,null,null,null,
2016-04-05,null,null,null,null,
2016-04-06,null,null,null,null,
2016-04-07,null,null,null,null,
2016-04-08,null,null,null,null,
2016-04-09,null,null,71.9,null,
2016-04-10,null,null,67.1,null,
2016-04-11,1007.7,null,84.7,1.3,
2016-04-12,null,null,63.6,null,
2016-04-13,1008.6,null,69.4,0,
2016-04-14,1009,null,70.9,.1,
2016-04-15,1009,27.9,73.1,0,
2016-04-16,1008.9,null,77.6,0,
2016-04-17,1009.4,27.8,74.7,.4,
2016-04-18,1009,27.1,77.3,0,
2016-04-19,1008.3,28.3,68.3,0,
2016-04-20,1007.8,29,67.3,0,
2016-04-21,1008,28.7,66.2,0,
2016-04-22,1009.9,25.1,89.1,0,
2016-04-23,1008.3,27.4,76.2,0,
2016-04-24,1007.5,28.6,70.7,0,
2016-04-25,1006.8,28,75.1,0,
2016-04-26,1007.3,28.5,72.2,0,
2016-04-27,1008.4,28.5,71.8,0,
2016-04-28,1008.2,28.4,69.3,0,
2016-04-29,1008,27.7,76.1,0,
2016-04-30,1008,27.8,71.6,0,
2016-05-01,1008.7,28.3,73.8,0,
2016-05-02,1009.2,27.7,75.9,0,
2016-05-03,1009.6,27.3,76.9,1.5,
2016-05-04,1009.9,27.5,72,.1,
2016-05-05,1010.4,27.4,77.3,0,
2016-05-06,1010.4,27.7,74.2,0,
2016-05-07,1009.4,28.4,68.9,0,
2016-05-08,1008.5,28.6,67.5,0,
2016-05-09,1009.1,27.8,78.1,0,
2016-05-10,1009.5,28.2,73.1,0,
2016-05-11,1010.1,26.5,84.5,0,
2016-05-12,1010.6,26.5,83.3,0,
2016-05-13,1011,27.3,81.8,0,
2016-05-14,1011.3,27.4,80.5,0,
2016-05-15,1011,27.8,76.6,0,
2016-05-16,1011.4,27.7,73.2,0,
2016-05-17,null,null,null,null,
2016-05-18,null,null,null,null,
2016-05-19,null,null,null,null,
2016-05-20,null,null,null,null,
2016-05-21,null,null,null,null,
2016-05-22,null,null,null,null,
2016-05-23,null,null,null,null,
2016-05-24,null,null,null,null,
2016-05-25,null,null,null,null,
2016-05-26,null,null,null,null,
2016-05-27,null,null,null,null,
2016-05-28,null,null,null,null,
2016-05-29,null,null,null,null,
2016-05-30,null,null,null,null,
2016-05-31,null,null,null,null,
2016-06-01,null,null,null,null,
2016-06-02,null,null,null,null,
2016-06-03,null,null,null,null,
2016-06-04,null,null,null,null,
2016-06-05,null,null,null,null,
2016-06-06,null,null,null,null,
2016-06-07,null,null,null,null,
2016-06-08,null,null,null,null,
2016-06-09,null,null,null,null,
2016-06-10,null,null,null,null,
2016-06-11,null,null,null,null,
2016-06-12,null,null,null,null,
2016-06-13,null,null,null,null,
2016-06-14,null,null,null,null,
2016-06-15,null,null,null,null,
2016-06-16,null,null,53.8,null,
2016-06-17,null,null,59.2,null,
2016-06-18,null,null,null,null,
2016-06-19,null,null,null,null,
2016-06-20,null,null,null,null,
2016-06-21,null,null,null,null,
2016-06-22,null,null,null,null,
2016-06-23,null,null,null,null,
2016-06-24,null,null,null,null,
2016-06-25,null,null,null,null,
2016-06-26,null,null,null,null,
2016-06-27,null,null,null,null,
2016-06-28,null,null,57.9,null,
2016-06-29,1012,27.1,59.4,2.4,
2016-06-30,1011.2,26.9,62.9,2.3,
2016-07-01,1011.9,27.4,62.1,3.1,
2016-07-02,1011.7,27.4,63.7,3.1,
2016-07-03,1012.4,27.4,64.6,2.7,
2016-07-04,1012.8,27,65.8,2.8,
2016-07-05,1012.2,27.4,66.5,2.9,
2016-07-06,1012.4,26.1,75.5,2.1,
2016-07-07,1012.2,27.3,68.3,2.5,
2016-07-08,1013.1,27.2,73,2.2,
2016-07-09,1013,27.8,67.4,3.6,
2016-07-10,1012,27.7,65.5,3.4,
2016-07-11,1011.1,27.3,66.2,3.4,
2016-07-12,1011,27.5,66.2,3.4,
2016-07-13,1011.4,27.3,70.6,2.6,
2016-07-14,1010.4,27.7,65.5,2.9,
2016-07-15,1008.9,27.8,65.2,2.6,
2016-07-16,1009.5,27.6,61.5,3,
2016-07-17,1011,27,71.5,2.2,
2016-07-18,1011.4,26.5,74.3,2,
2016-07-19,1011.9,27,71.4,2.4,
2016-07-20,1011.5,27.6,66,3.2,
2016-07-21,1011.3,27.4,59.5,2.9,
2016-07-22,1011.5,27.2,65.2,2.7,
2016-07-23,1011.4,27.4,63.1,2.4,
2016-07-24,1010.9,27.9,60.5,2.8,
2016-07-25,1009.9,27.2,62,2.7,
2016-07-26,1010.5,27.2,58.3,2.9,
2016-07-27,1011.1,27.2,61.8,2.7,
2016-07-28,1010.3,26.9,65.8,2.9,
2016-07-29,1010.5,27.5,63.7,3,
2016-07-30,1010.5,27.2,61.5,2.7,
2016-07-31,1010.6,27.1,63.1,3.1,
2016-08-01,1010.8,26.8,61.7,3,
2016-08-02,1011.8,27,63.4,3,
2016-08-03,1011.3,27.3,62.8,2.5,
2016-08-04,1011.5,27.5,61.3,2.7,
2016-08-05,1012.2,27,60.2,2.7,
2016-08-06,1012.4,27.4,64,3.2,
2016-08-07,1012.9,27.1,61.4,2.9,
2016-08-08,1012.7,27,69,2.8,
2016-08-09,1012.6,27.1,68.4,2.9,
2016-08-10,1011.8,27.3,68.5,3.3,
2016-08-11,1010.9,27,64.7,3.1,
2016-08-12,1011.3,26.9,64.8,3.4,
2016-08-13,1011.5,27.1,57.1,3.7,
2016-08-14,1011.3,26.6,64.6,3,
2016-08-15,1010.9,27.1,69.4,3.1,
2016-08-16,1011.1,27.4,70.6,2.8,
2016-08-17,1011.5,27.2,70.2,2.9,
2016-08-18,1011.4,27.1,66.3,3.2,
2016-08-19,1011.1,27.1,65.5,3,
2016-08-20,1011.1,26.8,71.1,2.6,
2016-08-21,1011.4,27,69.8,3.1,
2016-08-22,1011.6,27.1,68,2.7,
2016-08-23,1011.6,27.3,67.7,3.5,
2016-08-24,1011.8,27.9,61.5,4,
2016-08-25,1011.5,27.5,61.6,3.6,
2016-08-26,1010.2,27.2,63.2,2.6,
2016-08-27,1010.3,27,62.7,3,
2016-08-28,1010.9,27.2,62.9,4,
2016-08-29,1011.4,27.2,63.8,3.2,
2016-08-30,1011.2,27.8,63.2,3,
2016-08-31,1011.1,28,65.4,4,
2016-09-01,1011.1,27.8,64.3,3.9,
2016-09-02,1011.2,27.7,59.3,3.7,
2016-09-03,1011.1,27.7,63.8,3.4,
2016-09-04,1011.3,27.6,63.1,3.2,
2016-09-05,1011.9,27.6,63.5,3.9,
2016-09-06,1011.9,27.5,62.9,3.6,
2016-09-07,1011.3,27.3,61.5,3.5,
2016-09-08,1010.8,27.1,62.3,3.8,
2016-09-09,1011.7,26.9,62.6,3.8,
2016-09-10,1012.8,27.5,64,3.7,
2016-09-11,1012.4,27,72.3,3.7,
2016-09-12,1010.5,27.5,65.7,3.5,
2016-09-13,1010.3,27.3,63.6,3.8,
2016-09-14,1011.1,27.7,61.8,4.1,
2016-09-15,1011.6,27.3,69.4,3.3,
2016-09-16,1011.5,27.7,68.4,3.4,
2016-09-17,1011.5,27.3,70,3.3,
2016-09-18,1011.5,27.3,62.6,3.4,
2016-09-19,1010.9,27.2,64.8,3.1,
2016-09-20,1010.4,27.4,66.3,2.9,
2016-09-21,1010.3,27.8,69.4,3.3,
2016-09-22,1011,27.7,67.8,3.3,
2016-09-23,1012.7,27.8,63.5,3.4,
2016-09-24,1012.2,27.3,65,2.9,
2016-09-25,1010.1,27.2,64.4,3.2,
2016-09-26,1009.7,27.4,64.7,3.1,
2016-09-27,1010,27.4,67.5,2.5,
2016-09-28,1010.5,27.9,65.1,3.3,
2016-09-29,1009.3,27.8,61.4,3.7,
2016-09-30,1009.4,28,63.4,3.4,
2016-10-01,1010.1,27.3,70.8,2.6,
2016-10-02,1009,27.8,64.8,3.9,
2016-10-03,1009.2,28.3,56.2,3.5,
2016-10-04,1008.2,28.4,59.8,3.4,
2016-10-05,1007.6,27.7,69.5,2.6,
2016-10-06,1007.1,27.7,67.8,2.4,
2016-10-07,1007.5,27.3,69.9,2.3,
2016-10-08,1008.9,27.7,66.8,2.4,
2016-10-09,1009.7,28,64.2,3,
2016-10-10,1009.5,28.1,61.3,4.1,
2016-10-11,1008.5,28.1,56.3,4.5,
2016-10-12,1009.3,27.9,57.6,3.9,
2016-10-13,1011,27.7,66.8,3.8,
2016-10-14,1011,28,63.4,3.5,
2016-10-15,1010,28.4,60.3,3.7,
2016-10-16,1008.9,28,59.8,4,
2016-10-17,1009.7,28,61.3,3.5,
2016-10-18,1010.3,28,64.9,3.4,
2016-10-19,1008.5,27.8,68.8,3.5,
2016-10-20,1008.2,27.3,70.9,3.2,
2016-10-21,1008.2,28.1,67.5,3.3,
2016-10-22,1008.7,27.7,69,3.7,
2016-10-23,1009.6,28.2,61.8,3.9,
2016-10-24,1009.5,28.2,64,3.4,
2016-10-25,1008.2,27.9,66.8,3.5,
2016-10-26,1007.3,28,65,3.6,
2016-10-27,1007.6,28,61.8,4,
2016-10-28,1008.6,28.1,63,3.7,
2016-10-29,1010.3,28.1,65.9,3.2,
2016-10-30,1009.7,28.2,64.9,3.1,
2016-10-31,1008.9,28.4,60.9,3.9,
2016-11-01,1008.6,28.7,58.5,4.4,
2016-11-02,1009.2,28.3,60,4.1,
2016-11-03,1009.7,28.6,62.3,3.7,
2016-11-04,1010.5,28.7,60.4,3.9,
2016-11-05,1010.6,28.4,62,4.1,
2016-11-06,1009.6,28.2,63.8,3.9,
2016-11-07,1009,28.2,63.9,4.2,
2016-11-08,1008.9,28,67.5,3.7,
2016-11-09,1009.6,27.5,72.3,3.5,
2016-11-10,1009.9,28,67.5,3.8,
2016-11-11,1008.3,28.1,65.8,3.5,
2016-11-12,1007.2,28.1,66.1,3.2,
2016-11-13,1006.4,27.5,68.3,2.6,
2016-11-14,1005.8,28,67.2,3.4,
2016-11-15,1006.4,28.3,67.6,3.3,
2016-11-16,1007.1,27.3,74.2,2.4,
2016-11-17,1007.3,28,69.8,2.8,
2016-11-18,1005.9,28.2,67,3.2,
2016-11-19,1006.9,28.4,63.8,3.2,
2016-11-20,1007.3,28.2,66.2,3.3,
2016-11-21,1008.1,28.4,64.3,3.4,
2016-11-22,1007.6,28.6,64.5,3.5,
2016-11-23,1007.9,28.6,65.3,3.2,
2016-11-24,1008.9,28.7,65.2,3.2,
2016-11-25,1008.8,28.6,65.6,3.3,
2016-11-26,1008.5,28.5,63.1,3.3,
2016-11-27,1008.6,28.4,61,3.1,
2016-11-28,1008.6,28.1,66,2.7,
2016-11-29,1008.1,28.4,67.2,3.1,
2016-11-30,1008.4,28.4,65.3,3.3,
2016-12-01,1009.4,28.3,64,3.4,
2016-12-02,1009.6,28.3,65.5,3.4,
2016-12-03,1008.9,28.5,63.5,3,
2016-12-04,1008.4,28.2,65.9,2.7,
2016-12-05,1009,28,70.1,2.1,
2016-12-06,1009.6,28.1,70.3,2.5,
2016-12-07,1008.5,28.5,67.4,2.5,
2016-12-08,1008.3,28.6,67.5,2.5,
2016-12-09,1008.2,28.6,66.1,2.9,
2016-12-10,1008.3,28.8,65.5,2.9,
2016-12-11,1008.5,28.5,66.8,2.7,
2016-12-12,1007.4,28.5,65.4,3.1,
2016-12-13,1007.8,28.3,64.1,3,
2016-12-14,1008.9,27.9,65.2,2.7,
2016-12-15,1009.2,27.9,68.4,2.5,
2016-12-16,1009.4,27.7,72.5,2.6,
2016-12-17,1008.3,28.4,67,3.1,
2016-12-18,1007.7,26.3,77.7,2.5,
2016-12-19,1007.4,27.6,69.3,2.5,
2016-12-20,1007,28.6,67.1,2.5,
2016-12-21,1006.7,28.2,68.6,3,
2016-12-22,1006.7,28.4,69.5,3.4,
2016-12-23,1006.5,28.9,65.2,3.3,
2016-12-24,1006.9,28.3,67.4,2.6,
2016-12-25,1006.7,28.3,70,2.7,
2016-12-26,1007.5,28.4,69.2,3.1,
2016-12-27,1008.2,28.9,67.2,3.6,
2016-12-28,1008.5,28.1,69.6,2.9,
2016-12-29,1008.5,27,77.8,2.1,
2016-12-30,1008.2,28.2,66.6,2.8,
2016-12-31,1008.3,28,64.4,2.6,
2017-01-01,1007.9,28.7,67.8,3,
2017-01-02,1008,28.3,69.2,2.6,
2017-01-03,1008.2,27.9,72.4,2.7,
2017-01-04,1008.9,27.7,77.4,2.5,
2017-01-05,1008.4,28.2,70.1,2.9,
2017-01-06,1008,28.6,65.5,2.6,
2017-01-07,1008.6,28.2,67.3,2.5,
2017-01-08,1008.3,26.9,74.9,2.5,
2017-01-09,1008.2,26.6,76.8,1.5,
2017-01-10,1007.7,27.4,73.7,2.4,
2017-01-11,1008.2,25.8,83,1.5,
2017-01-12,1007.7,27.1,77.4,1.9,
2017-01-13,1007.2,27.4,71.8,2.3,
2017-01-14,1006.9,27.2,72,1.9,
2017-01-15,1007.3,27.1,75.8,1.9,
2017-01-16,1007.1,27.3,73.7,2.1,
2017-01-17,1007.3,28.2,67.1,2.7,
2017-01-18,1006.9,27.1,78.4,2.1,
2017-01-19,1007.9,27.5,75.9,2,
2017-01-20,1009.4,26.7,80.1,1.9,
2017-01-21,1008.7,27.6,71.5,2.2,
2017-01-22,1008.4,28,72.7,2.7,
2017-01-23,1008.6,27.6,74.2,2.5,
2017-01-24,1009.1,28.5,68.4,2.9,
2017-01-25,1009.7,28,69.5,2.2,
2017-01-26,1010.2,28.7,66.6,2.7,
2017-01-27,1010.5,27.8,72.4,2.6,
2017-01-28,1010.3,27.5,74.5,2.5,
2017-01-29,1009.6,27.6,73.5,2.6,
2017-01-30,1009.3,28.1,69,2.5,
2017-01-31,1009,27.9,74.2,3,
2017-02-01,1008.2,27.5,76.1,2.1,
2017-02-02,1007.8,28.4,72.3,2.6,
2017-02-03,1008.4,28.4,69.9,2.9,
2017-02-04,1008.3,28.2,67.8,2.5,
2017-02-05,1007.8,28.2,69.5,2.5,
2017-02-06,1007.5,28.6,70.2,2.6,
2017-02-07,1007.2,28.9,68.2,2.7,
2017-02-08,1007.4,28.6,71.6,2.5,
2017-02-09,1007.7,28.5,72.1,2,
2017-02-10,1007,28.6,71.1,2.6,
2017-02-11,1007.3,25.4,85,2,
2017-02-12,1006.9,25.7,80.3,1.8,
2017-02-13,1007.1,25.4,81.3,1.4,
2017-02-14,1008.3,27.3,77.3,2.1,
2017-02-15,1009.4,28.4,71.1,2.8,
2017-02-16,1009.3,28.4,65.3,2.2,
2017-02-17,1008.9,26.2,83,1.2,
2017-02-18,1009.9,25.9,80.7,1.2,
2017-02-19,1009.9,25.4,86.7,.9,
2017-02-20,1009.8,25.3,83,1.4,
2017-02-21,1008.6,26.2,81.2,1.5,
2017-02-22,1008.3,27.8,73.1,2.3,
2017-02-23,1008.4,28.2,70,2.5,
2017-02-24,1008.4,27.8,75.6,2.2,
2017-02-25,1007.7,28.1,72.8,2,
2017-02-26,1007.9,27,78.5,1.7,
2017-02-27,1008.2,26,82.8,1.5,
2017-02-28,1007.7,26.2,81.3,1.5,
2017-03-01,1007,26.4,82.2,1.1,
2017-03-02,1008.7,25.8,82.9,1.4,
2017-03-03,1009.7,24.8,86.5,.9,
2017-03-04,1007.6,26.1,84.1,1.2,
2017-03-05,1006.5,26.9,80.6,1.2,
2017-03-06,1007.1,27.6,77.4,2,
2017-03-07,1007.6,28.3,74.4,2.2,
2017-03-08,1007.8,26.1,85.4,1.2,
2017-03-09,1007.5,25.4,87.2,.7,
2017-03-10,1007.2,26.8,81.4,1.6,
2017-03-11,1007.8,26.5,81.5,1,
2017-03-12,1007.7,26.5,82.1,1.2,
2017-03-13,1007.8,26.1,84.7,1,
2017-03-14,1007.8,26.9,81.5,1.3,
2017-03-15,1007.4,27.3,78,1.6,
2017-03-16,1008,26.8,80,1.5,
2017-03-17,1008.8,26.9,77.3,1.7,
2017-03-18,1009.3,26.9,76.6,1.1,
2017-03-19,1009.2,26.9,79.7,1.5,
2017-03-20,1009.4,26.9,81.2,1.7,
2017-03-21,1009.9,26.8,79.7,1.4,
2017-03-22,1010.2,25.1,89.1,.6,
2017-03-23,1009.4,25.1,86.8,1,
2017-03-24,1008.9,24.8,90.1,.9,
2017-03-25,1008.2,27.1,77.9,1.9,
2017-03-26,1008.6,25.6,85.6,.9,
2017-03-27,1009,26.1,84.8,.8,
2017-03-28,1009,27.4,80.2,1.4,
2017-03-29,1008,27.2,78.3,1.3,
2017-03-30,1007.8,26.4,86.7,.8,
2017-03-31,1008.8,26.6,84.4,1.2,
2017-04-01,1009.8,24.6,91.5,.8,
2017-04-02,1008.5,26.7,80.9,1.5,
2017-04-03,1007.8,27.6,77.1,2.1,
2017-04-04,1008,27.5,76.4,1.9,
2017-04-05,1009.5,25.9,83.8,1.8,
2017-04-06,1009,27.2,77.2,2.1,
2017-04-07,1008,27.6,75.1,1.8,
2017-04-08,1007.3,27.7,74,1.9,
2017-04-09,1006.8,28.8,70.8,2.7,
2017-04-10,1007.7,26.8,79.8,1.6,
2017-04-11,1008.7,24.5,89.9,.9,
2017-04-12,1008.4,26.5,80,1.1,
2017-04-13,1008.4,25.7,87.7,.9,
2017-04-14,1008.2,26.4,85.2,1.4,
2017-04-15,1008.4,27.5,78.4,2.2,
2017-04-16,1007.8,28,73.5,2.1,
2017-04-17,1007.8,28.1,73,2,
2017-04-18,1007.9,27.5,77.5,1.5,
2017-04-19,1008.2,27.7,76.2,1.6,
2017-04-20,1007.7,27.7,76.3,1.6,
2017-04-21,1008.4,27.6,76.7,1.6,
2017-04-22,1009.5,27.2,79.9,1.4,
2017-04-23,1009.5,26.9,82.4,1,
2017-04-24,1009.2,26.2,85,1.2,
2017-04-25,1008.2,27.5,76.5,1.7,
2017-04-26,1008,27.6,73.8,1.7,
2017-04-27,1008.7,27.4,79.6,1.8,
2017-04-28,1008.9,27.3,81.5,1.7,
2017-04-29,1008.9,27.6,77.8,1.9,
2017-04-30,1009.5,26.8,82.9,1.1,
2017-05-01,1009.4,27,75.4,1.8,
2017-05-02,1009,27.3,72.7,1.8,
2017-05-03,1008.4,27.5,75.4,2.1,
2017-05-04,1008.3,27.7,75,2.5,
2017-05-05,1008.5,27.6,72.9,2.1,
2017-05-06,1008,27.3,74,1.8,
2017-05-07,1007.8,27.9,77,1.9,
2017-05-08,1007.5,26.7,83.8,1.7,
2017-05-09,1008.5,26.2,84.9,1.5,
2017-05-10,1008.3,27,79.1,1.7,
2017-05-11,1008.3,27.8,74.4,2,
2017-05-12,1009.4,28,74.8,2,
2017-05-13,1010.1,27.5,72.3,1.6,
2017-05-14,1010.3,27.4,74.3,1.8,
2017-05-15,1010.3,27.9,76.1,1.8,
2017-05-16,1009.7,27.3,78.7,1.6,
2017-05-17,1009.3,28.2,76.9,1.9,
2017-05-18,1008.7,28,77.5,2,
2017-05-19,1007.6,28.2,72.5,2.4,
2017-05-20,1008.4,27.8,74.9,2.5,
2017-05-21,1008.9,28.4,68,3.2,
2017-05-22,1008.9,27.7,67.9,2.7,
2017-05-23,1009.9,27.5,71.2,1.8,
2017-05-24,1010.6,27.4,74.5,1.4,
2017-05-25,1010.8,27.3,76.5,1.6,
2017-05-26,1010.7,27.2,77.4,1.2,
2017-05-27,1010.4,27.3,77.6,1.1,
2017-05-28,1010.8,26,86.9,.7,
2017-05-29,1011.8,23.9,90.7,1.2,
2017-05-30,1010.8,26.3,78.8,1.6,
2017-05-31,1010.7,26.7,80.6,1.6,
2017-06-01,1011.4,27.5,78,1.9,
2017-06-02,1011.4,27.8,72.9,2.1,
2017-06-03,1011.1,27.5,74.8,1.9,
2017-06-04,1010.4,28.1,71.4,2.4,
2017-06-05,1010,27.3,69.5,2.6,
2017-06-06,1009.1,27.3,70.3,2.7,
2017-06-07,1008.1,27.3,70.6,2.3,
2017-06-08,1008.4,27.7,64.8,2.6,
2017-06-09,1009.4,28.2,70.6,2.1,
2017-06-10,1010.7,28,71.6,2.5,
2017-06-11,1010.9,27.1,77.8,2.1,
2017-06-12,1011.3,27,74.3,2.1,
2017-06-13,1010.1,27.8,70.3,2.6,
2017-06-14,1010.6,27.5,69.5,2.3,
2017-06-15,1011.1,27,68.7,1.9,
2017-06-16,1011.2,26.1,76.3,1.5,
2017-06-17,1009.5,26.3,76.3,1.4,
2017-06-18,1009,27.2,73.4,1.9,
2017-06-19,1010,26.8,74.5,2,
2017-06-20,1010.3,27.6,70,2.3,
2017-06-21,1009.8,27.3,73,2,
2017-06-22,1009.3,27.3,66.5,2.4,
2017-06-23,1009.3,26.5,73.8,1.8,
2017-06-24,1010.4,27.3,72.3,2.1,
2017-06-25,1009.7,27.7,67,2.2,
2017-06-26,1009.8,27.5,63.1,2.3,
2017-06-27,1009.9,27.5,67.6,1.9,
2017-06-28,1010.7,28,68,2.4,
2017-06-29,1011.4,26.4,77,2,
2017-06-30,1011.9,25.9,82.8,1.1,
2017-07-01,1012.4,26,81.7,1.3,
2017-07-02,1012.4,26.4,76.7,1.7,
2017-07-03,1012.5,26.7,74,2,
2017-07-04,1012.6,26.5,64.4,2.2,
2017-07-05,1012.5,26.7,66.9,2.4,
2017-07-06,1012.4,26.4,74.7,1.9,
2017-07-07,1012.1,27.2,69.4,1.7,
2017-07-08,1011.7,27.1,64.8,2.5,
2017-07-09,1011.9,27.2,65.6,2.7,
2017-07-10,1011.8,27.6,67.3,2.7,
2017-07-11,1011.9,27,69.2,3,
2017-07-12,1011.8,26.4,67.5,2.3,
2017-07-13,1011.9,26.6,63.7,2.1,
2017-07-14,1011.6,26.2,64.8,2,
2017-07-15,1011.6,26.2,64.4,2,
2017-07-16,1011,27.1,62.7,2,
2017-07-17,1011.2,26.4,66.2,2,
2017-07-18,1012.5,25.7,66.5,1.5,
2017-07-19,1012.1,27,70.5,1.9,
2017-07-20,1012.9,25.8,81.2,1.9,
2017-07-21,1013.2,24.2,87.3,1.9,
2017-07-22,1013.2,25.6,76.6,2.4,
2017-07-23,1013.4,26.5,71.9,2.4,
2017-07-24,1013.8,26.7,68.7,2.7,
2017-07-25,1012.9,26.3,69,2.7,
2017-07-26,1011.5,26.2,67,2.3,
2017-07-27,1010.9,26.2,67.2,2,
2017-07-28,1011.5,27.2,69.4,2.8,
2017-07-29,1012.7,26.4,68.7,2.8,
2017-07-30,1013.1,26.3,62.8,2.7,
2017-07-31,1012.3,26.6,65.1,3.4,
2017-08-01,1011.6,27.3,66.8,3.1,
2017-08-02,1012.8,27,69,2.9,
2017-08-03,1013,27,67.5,2.7,
2017-08-04,1012.4,26.3,72.4,2.3,
2017-08-05,1011.6,26.3,74,2.2,
2017-08-06,1011.9,27.1,65.1,3.5,
2017-08-07,1012.2,27.2,64.1,3.7,
2017-08-08,1012,26.9,62.9,3.1,
2017-08-09,1011.7,26.9,66.7,2.2,
2017-08-10,1011.1,26.7,66,2.6,
2017-08-11,1011,26.6,67.8,2.7,
2017-08-12,1011.4,26.9,65.8,2.9,
2017-08-13,1011.3,26.9,66.3,2.3,
2017-08-14,1010.3,27.2,70.3,2.9,
2017-08-15,1010.2,26.8,71.6,3.1,
2017-08-16,1011,26.7,68.5,2.7,
2017-08-17,1009.9,26.3,71.5,2.1,
2017-08-18,1009.6,27.2,69.7,3,
2017-08-19,1009.9,27.2,69.2,3.2,
2017-08-20,1010.8,27,65.8,3.3,
2017-08-21,1011.8,27.2,65,2.9,
2017-08-22,1010.8,27.1,67.5,2.8,
2017-08-23,1010.3,27.3,62.2,3,
2017-08-24,1010.6,27.3,61.9,3.4,
2017-08-25,1010.5,27.5,65,2.7,
2017-08-26,1010.9,27.6,66.5,3.4,
2017-08-27,1010.6,27.7,62.3,2.9,
2017-08-28,1010.5,27.5,64.2,3.5,
2017-08-29,1011,27.4,63.9,3.3,
2017-08-30,1011.5,27.4,64.9,3.1,
2017-08-31,1011.7,27.5,64.4,3,
2017-09-01,1012.7,27.5,63.5,2.8,
2017-09-02,1013.4,27.6,62.4,2.7,
2017-09-03,1011.8,27.1,63.7,2.8,
2017-09-04,1011.5,26.9,58,3.9,
2017-09-05,1011.9,26.9,61,3.6,
2017-09-06,1012.3,26.6,72.3,2.7,
2017-09-07,1010.9,27.1,71.9,2.7,
2017-09-08,1009.5,27.6,65.3,3.1,
2017-09-09,1009.9,28,57.1,3.3,
2017-09-10,1009.8,28,65,3.7,
2017-09-11,1010.8,27.4,59.5,3.2,
2017-09-12,1011.4,27.4,64,3.2,
2017-09-13,1011.6,27.4,64.6,2.9,
2017-09-14,1011.2,27.2,63.4,3.4,
2017-09-15,1011.6,27.4,55.4,4,
2017-09-16,1011.5,27,59.8,3.9,
2017-09-17,1011.2,27.4,62,3.1,
2017-09-18,1011.2,27.4,65.1,3.7,
2017-09-19,1011,27.1,59.1,3.4,
2017-09-20,1011.6,27.3,61.4,4,
2017-09-21,1012,27.2,61.1,3.9,
2017-09-22,1011.6,27.3,66,3.2,
2017-09-23,1010.9,27.6,66.1,3.3,
2017-09-24,1009.8,27.3,62,3.4,
2017-09-25,1010.2,27.3,61.6,4,
2017-09-26,1009.8,27.5,59.9,4.1,
2017-09-27,1009.7,27.6,65.5,3.1,
2017-09-28,1010.8,27.5,65.1,2.9,
2017-09-29,1010.1,27.5,68.2,3.2,
2017-09-30,1008.9,27.3,60,3.3,
2017-10-01,1007.7,27.2,62.7,3.6,
2017-10-02,1007.9,27.5,63.6,3.7,
2017-10-03,1008.9,27.4,68.9,3.4,
2017-10-04,1009.2,27.8,66.7,3.5,
2017-10-05,1010.3,27.8,63.4,3.8,
2017-10-06,1010.9,27.8,60,3.9,
2017-10-07,1010.3,27.9,61.1,3.2,
2017-10-08,1009.2,27.3,66.7,3.3,
2017-10-09,1009.2,27.6,65.8,3.5,
2017-10-10,1009.4,27.4,64.9,3.6,
2017-10-11,1009.1,26.7,72.9,3.5,
2017-10-12,1009,27.2,68.9,3.1,
2017-10-13,1008.6,27.6,65.4,3.5,
2017-10-14,1009.3,27.5,67.7,3.5,
2017-10-15,1010,26.8,75.1,3.1,
2017-10-16,1011,27.2,71.8,3.2,
2017-10-17,1011.6,27.4,69.5,3.5,
2017-10-18,1011.4,27.5,67.2,3.3,
2017-10-19,1010.6,27.7,63.5,3.9,
2017-10-20,1010.3,27.9,66.2,3.7,
2017-10-21,1010.1,28.1,64.9,4.2,
2017-10-22,1009.6,28.3,60.4,4,
2017-10-23,1008.6,27.9,61.9,3.4,
2017-10-24,1008.2,28.1,67.3,3.9,
2017-10-25,1008.4,28.5,61.8,3.7,
2017-10-26,1008.6,28.2,64.8,3.3,
2017-10-27,1008.6,28.3,65.3,3.6,
2017-10-28,1008.6,27.7,67.7,3.1,
2017-10-29,1007.8,28.1,69.3,3.2,
2017-10-30,1007,27.8,71.1,2.9,
2017-10-31,1007.5,27.8,67.7,2.7,
2017-11-01,1008.9,27.9,68.4,2.6,
2017-11-02,1009.5,27.8,69.2,2.8,
2017-11-03,1009.1,28.3,65.5,3.7,
2017-11-04,1009.1,28,64.5,3.5,
2017-11-05,1009.1,27.7,65.5,3.4,
2017-11-06,1008.6,27.7,64.9,3.3,
2017-11-07,1007.1,27.8,66.4,3.2,
2017-11-08,1007.8,27.8,62.8,3.1,
2017-11-09,1008.2,27.5,63.4,3.2,
2017-11-10,1007.4,27.4,63.3,3.4,
2017-11-11,1006.6,27.5,64.6,3,
2017-11-12,1007.2,27.5,68,2.5,
2017-11-13,1007.5,27.8,67.6,2.5,
2017-11-14,1007.5,28,66.2,2.9,
2017-11-15,1008.2,27.7,66.5,3.7,
2017-11-16,1009,27.4,64.3,3.1,
2017-11-17,1008.7,26.7,70.7,2.9,
2017-11-18,1007.3,27.5,67.3,3.1,
2017-11-19,1007.8,27.5,65.7,2.8,
2017-11-20,1007.7,27.7,68.4,2.7,
2017-11-21,1007.8,27.8,65.4,3.2,
2017-11-22,1008.2,27.9,65.3,2.9,
2017-11-23,1008.8,27.7,68.8,2.5,
2017-11-24,1009.5,27.7,70.4,2.9,
2017-11-25,1009.3,27.9,66.5,3.2,
2017-11-26,1009.3,27.9,64,3.1,
2017-11-27,1010,28.1,67,3.4,
2017-11-28,1009.5,27.7,70.3,3.1,
2017-11-29,1008.5,27.7,69,3,
2017-11-30,1007.7,28,67.4,3.3,
2017-12-01,1008,28.1,65.3,3.7,
2017-12-02,1008.2,27.6,67.7,3.3,
2017-12-03,1007.9,28.2,65.5,3,
2017-12-04,1008.1,28.6,66.6,3.5,
2017-12-05,1008.4,28.5,66.6,3,
2017-12-06,1007.2,28.4,67.9,3.2,
2017-12-07,1007.3,28.3,66.9,2.9,
2017-12-08,1008,28.3,66.9,2.4,
2017-12-09,1008,28.2,68.5,1.9,
2017-12-10,1007.1,28.2,68.5,1.9,
2017-12-11,1007.8,28.2,68.8,2.2,
2017-12-12,1008,28.4,67.3,2.8,
2017-12-13,1008.6,28.7,64,3.3,
2017-12-14,1009.5,28.3,63.4,3.1,
2017-12-15,1009.2,28,67.9,2.9,
2017-12-16,1009.2,28.2,65.1,3.1,
2017-12-17,1009.1,28.5,65.9,3.4,
2017-12-18,1009.1,28.5,65,3.7,
2017-12-19,1009.2,28.3,66,3.4,
2017-12-20,1008.2,27.7,69.3,2.7,
2017-12-21,1008.5,27.5,69.7,2.7,
2017-12-22,1008.7,27,74.9,2.7,
2017-12-23,1008.4,27.4,74.5,2.9,
2017-12-24,1007.4,27.6,72,2.4,
2017-12-25,1007.1,27.8,72.8,2.8,
2017-12-26,1007.5,27.8,71.5,2.7,
2017-12-27,1007.7,28,70.7,3.3,
2017-12-28,1007.5,28.1,70.2,2.8,
2017-12-29,1008.2,28.4,69.6,2.8,
2017-12-30,1008.8,28.5,70,2.8,
2017-12-31,1009.3,28.6,69.3,2.8,
2018-01-01,1009,28.7,66.3,2.4,
2018-01-02,1007.8,28.4,66.7,2.4,
2018-01-03,1008.2,28.3,67,2.1,
2018-01-04,1009.6,28.2,68.8,2,
2018-01-05,1010.5,28.3,68.9,2.4,
2018-01-06,1009.4,27.9,71.5,2.1,
2018-01-07,1008.8,28.4,65.5,2.8,
2018-01-08,1009.1,27.9,68.8,2.2,
2018-01-09,1009.5,26.8,74.8,2,
2018-01-10,1010.1,26.1,78.7,1.3,
2018-01-11,1010.2,26.6,72.5,2,
2018-01-12,1009.2,27.4,70,2.2,
2018-01-13,1008.5,27.4,72.3,2.4,
2018-01-14,1009,27.8,72.8,2.7,
2018-01-15,1009.1,28.5,66.3,3.1,
2018-01-16,1009,28.1,66.3,3.1,
2018-01-17,1008.4,28.6,63.5,3.3,
2018-01-18,1008.7,27.4,75,2.8,
2018-01-19,1009.4,27.2,75.9,2,
2018-01-20,1009.2,26.9,76.3,1.9,
2018-01-21,1008.1,27.8,73.9,2.4,
2018-01-22,1006.8,28,71.3,2.6,
2018-01-23,1006.9,27.5,75.3,2.6,
2018-01-24,1007.3,26.4,81.5,1.5,
2018-01-25,1007.2,26.9,78.2,1.7,
2018-01-26,1006.9,27,77.5,1.4,
2018-01-27,1007.1,24.9,85.9,1.1,
2018-01-28,1006.6,25.8,83.2,1.1,
2018-01-29,1006.2,27.1,76.8,1.8,
2018-01-30,1005.9,27.2,74.1,2.1,
2018-01-31,1006.2,28.2,69.6,2.9,
2018-02-01,1006.4,28.1,70.3,2.6,
2018-02-02,1005.9,27.2,78.3,2,
2018-02-03,1005.4,27.6,78.5,1.7,
2018-02-04,1006.4,27.7,76.7,1.5,
2018-02-05,1006.9,26.4,82.5,1.2,
2018-02-06,1007.2,27.2,80,1.7,
2018-02-07,1007.5,27.6,78,1.7,
2018-02-08,1008.4,27.7,76,2.9,
2018-02-09,1009,27.9,68.8,2.2,
2018-02-10,1008.7,27.3,71.9,1.2,
2018-02-11,1008.1,26.5,74.7,1.1,
2018-02-12,1008.5,24.4,86.9,.7,
2018-02-13,1008.4,25.8,80.2,.7,
2018-02-14,1009,25.4,83.2,1,
2018-02-15,1010.2,25.1,83,1.4,
2018-02-16,1009.7,26.4,78.9,1.7,
2018-02-17,1009.2,24.6,87.8,1.1,
2018-02-18,1007.9,25.9,82.4,1.3,
2018-02-19,1007.6,25.6,84.8,.7,
2018-02-20,1007.3,26.6,79.4,1.3,
2018-02-21,1007.9,26.7,80.7,1.4,
2018-02-22,1008.6,25.3,85.1,.5,
2018-02-23,1008.7,null,81.6,1,
2018-02-24,1007.7,25.9,81.8,1,
2018-02-25,1008.3,26.1,81.9,1,
2018-02-26,1009.3,27.2,76.8,1.4,
2018-02-27,1009,27.4,75.5,1.9,
2018-02-28,1008.3,28.5,71.6,2.8,
2018-03-01,1010.5,25.1,86,1.2,
2018-03-02,1010.7,26.4,79.3,1.6,
2018-03-03,1009,27,76.9,1.5,
2018-03-04,1007.3,28.1,72.3,2.6,
2018-03-05,1007.3,27.6,76.2,1.9,
2018-03-06,1007.8,28,74.9,1.8,
2018-03-07,1008.2,28,74.8,1.9,
2018-03-08,1008.4,27.7,76.2,1.7,
2018-03-09,1009.2,28.4,72.8,1.8,
2018-03-10,1009.8,26.8,80.4,1.7,
2018-03-11,1009.2,27.2,79.3,1.5,
2018-03-12,1008.9,27.9,75.2,1.5,
2018-03-13,1008.5,28.3,74.4,1.7,
2018-03-14,1009.1,28.4,73.3,2.3,
2018-03-15,1008.8,28.3,70.1,2.1,
2018-03-16,1008.5,28,73.3,2,
2018-03-17,1007.6,27.9,72.5,1.6,
2018-03-18,1006.8,27.9,74.3,1.7,
2018-03-19,1007,28.4,72,2.1,
2018-03-20,1008,28.7,67.3,2.4,
2018-03-21,1008.3,28.2,70.1,2,
2018-03-22,null,null,79.3,null,
2018-03-23,1007.5,27.9,73.6,2,
2018-03-24,1007.2,27.7,76.6,1.5,
2018-03-25,1007.7,27.8,74.3,1.4,
2018-03-26,1008.5,26.5,79.9,1.2,
2018-03-27,1008.8,26.6,82.5,1.4,
2018-03-28,1007.4,26.4,83.5,1.4,
2018-03-29,1007.2,25,87.8,1,
2018-03-30,1007.6,25.9,85.1,1.1,
2018-03-31,1007.7,26.2,82.4,1.5,
2018-04-01,1006.7,27.3,80,1.8,
2018-04-02,1006.9,26,84.3,1.3,
2018-04-03,1006.1,27,78.1,1.6,
2018-04-04,1005.9,27.1,80.2,1.7,
2018-04-05,1006.2,27.2,79.2,1.2,
2018-04-06,1007.2,26.6,80.2,1.1,
2018-04-07,1007.9,26.7,79.2,.9,
2018-04-08,1009.1,25.4,83.5,.8,
2018-04-09,1008.7,26,81,1.2,
2018-04-10,1008.7,26,80.8,1.7,
2018-04-11,1008.8,25.7,82.3,1.1,
2018-04-12,1008.9,25.6,80.2,1,
2018-04-13,1009.8,26,80.4,1.2,
2018-04-14,1010.6,26.7,76.8,1.1,
2018-04-15,1010.6,26.5,80.8,1.1,
2018-04-16,1009.6,null,82,1,
2018-04-17,1010.6,25.1,84,1.5,
2018-04-18,1011.6,null,73.7,2.1,
2018-04-19,1011.5,27.2,75.5,1.8,
2018-04-20,1009.9,27.4,77,1.7,
2018-04-21,1008.5,27.1,74.5,2,
2018-04-22,1008.2,27.4,75.6,2.1,
2018-04-23,1009,27.7,71,2.7,
2018-04-24,1009.8,26.6,76.8,2.1,
2018-04-25,1010,26.8,75.3,1.4,
2018-04-26,1010.1,27.1,76.1,1.6,
2018-04-27,1009.1,27.3,74.8,2.1,
2018-04-28,1009.5,27.7,75.8,2.1,
2018-04-29,1009.7,27,77,2,
2018-04-30,1009.7,26.3,83,1.4,
2018-05-01,1010.5,null,80,1.8,
2018-05-02,1010.5,26.9,78.5,1.7,
2018-05-03,1009.9,27.2,73.7,1.7,
2018-05-04,1009.1,26.9,77.2,1.3,
2018-05-05,1009.3,27.2,72,1.8,
2018-05-06,1010.1,26,81.1,1.5,
2018-05-07,1010.1,26,79.1,1.4,
2018-05-08,1009.4,null,75.3,1.4,
2018-05-09,1009.6,25.8,83.8,1.3,
2018-05-10,1010.4,24.9,86,1.3,
2018-05-11,1009.9,26.4,82.2,1.1,
2018-05-12,1010.2,26.6,79,1.8,
2018-05-13,1009.1,null,81.4,1.2,
2018-05-14,1009.1,null,77.9,1.8,
2018-05-15,1009.2,null,76.3,1.7,
2018-05-16,1009.2,26.6,77.4,1.6,
2018-05-17,1009.3,26.6,79.7,1.4,
2018-05-18,1009.2,26.3,77.3,2.1,
2018-05-19,1009.5,26.9,75.4,1.8,
2018-05-20,1009,26.8,75.8,1.4,
2018-05-21,1008.2,null,80.7,1.4,
2018-05-22,1009.8,26.6,76.5,2.1,
2018-05-23,1010.8,26.9,71.1,1.9,
2018-05-24,1011.3,26.5,78.8,1,
2018-05-25,null,null,73.8,null,
2018-05-26,1009.7,26.2,80.4,1.5,
2018-05-27,1009.7,27,73.5,1.6,
2018-05-28,1010.6,27.4,70,2.4,
2018-05-29,1010.2,27,72.8,1.8,
2018-05-30,1010.1,27.2,69.1,1.5,
2018-05-31,1009.5,27.1,72.2,1.6,
2018-06-01,1009.4,27.2,72.2,2.1,
2018-06-02,1010.2,27.3,75,1.8,
2018-06-03,1010.9,26.3,80.8,1.5,
2018-06-04,1010.9,27,75,1.9,
2018-06-05,1010,27.4,66.3,2.6,
2018-06-06,1009.6,26.6,71.9,1.7,
2018-06-07,1011.3,26.8,78.5,2.2,
2018-06-08,1012.5,26.4,77.3,2,
2018-06-09,1012.6,26.6,76.6,2.1,
2018-06-10,1011.6,26.7,72.7,2,
2018-06-11,1010.7,26.8,65.8,2.6,
2018-06-12,1010.9,26.3,68.7,2.3,
2018-06-13,1010.8,27,67.6,2.7,
2018-06-14,1012.3,26.7,68.1,2.6,
2018-06-15,1012.7,26.8,71,2.4,
2018-06-16,1013.3,27.2,72.2,2.4,
2018-06-17,1013.9,26.8,75.4,2.1,
2018-06-18,1014.4,25.6,81,1.9,
2018-06-19,1013.3,26.3,76.6,2.1,
2018-06-20,1012.6,26.3,74.2,1.8,
2018-06-21,1012.7,26.3,69.3,1.9,
2018-06-22,1012.4,26.4,71.4,2.3,
2018-06-23,1011,26.2,68,2.6,
2018-06-24,1010.3,26.2,64.4,2.4,
2018-06-25,1010.1,26.4,67.5,2.1,
2018-06-26,1010.4,26.3,68.8,1.9,
2018-06-27,1010.5,26.6,72,1.8,
2018-06-28,1010,26.4,72.1,1.9,
2018-06-29,1010,26.7,66.3,2.3,
2018-06-30,1009.2,26.4,67,1.9,
2018-07-01,1008.5,26.9,70.7,2.2,
2018-07-02,1008.9,27.2,72.3,2.5,
2018-07-03,1009.4,27.1,69.1,2.1,
2018-07-04,1009.6,27.4,65,2.8,
2018-07-05,1010.4,26.7,64.6,2.3,
2018-07-06,1010.9,25.7,76.1,2.2,
2018-07-07,1011.7,24.1,88.5,1.6,
2018-07-08,1010.9,26.1,77.5,1.5,
2018-07-09,1010.8,27,71.5,1.7,
2018-07-10,1012.9,24.5,86,1.3,
2018-07-11,1013.1,25.4,80.3,1.5,
2018-07-12,1012.8,25.7,77.4,2.3,
2018-07-13,1012.2,26.8,70.5,2.6,
2018-07-14,1012.3,26.4,65.3,2.6,
2018-07-15,1012.1,25.7,73.8,1.8,
2018-07-16,1012.6,26.4,70.6,1.9,
2018-07-17,1012.9,26.2,68.7,2.4,
2018-07-18,1011.7,26.6,69.2,2.2,
2018-07-19,1010.5,26.3,66.8,2.5,
2018-07-20,1010.5,25.8,63.3,2.8,
2018-07-21,1010.5,26.5,71.3,2.3,
2018-07-22,1010,27.1,68.9,2.3,
2018-07-23,1011.1,26.9,64.2,2.7,
2018-07-24,1012.5,26.7,63,3,
2018-07-25,1013,25.9,69.7,2.4,
2018-07-26,1013.1,27,68.2,2.6,
2018-07-27,1012.5,27.1,69.4,2.5,
2018-07-28,1011.5,27,70.5,2.7,
2018-07-29,1012,26.8,65.8,3.4,
2018-07-30,1011.6,26.5,72,3.3,
2018-07-31,1011.4,26.1,75.3,2.4,
2018-08-01,1010.6,26.1,78.5,2.4,
2018-08-02,1010.6,26.6,74.4,2.7,
2018-08-03,1011.1,26.5,68.6,3.3,
2018-08-04,1011.3,26.5,67.3,2.8,
2018-08-05,1010.4,26.7,74,2.8,
2018-08-06,1011.7,26.8,70.9,2.9,
2018-08-07,1012.4,26.7,72.5,2.7,
2018-08-08,1012.8,26.9,68.5,3,
2018-08-09,1012.8,26.8,69,3,
2018-08-10,1012.6,26.1,76.4,2.3,
2018-08-11,1013.1,26.6,73.3,2.4,
2018-08-12,1012.8,26.8,74.3,2.1,
2018-08-13,1011.3,26.5,73.8,2.1,
2018-08-14,1010.9,26.6,76.4,2.6,
2018-08-15,1012,26.7,69.6,2.9,
2018-08-16,1013.6,null,65.6,3.4,
2018-08-17,1013.6,27.2,66.1,3.1,
2018-08-18,1013.4,26.7,62,2.9,
2018-08-19,1013.1,26.9,63.5,3.5,
2018-08-20,1013.3,27.2,62,3,
2018-08-21,1012.8,26.9,66.3,2.6,
2018-08-22,1012.4,27,61.6,2.4,
2018-08-23,1011.3,27.1,63.1,2.7,
2018-08-24,1011.2,27.4,61.6,2.9,
2018-08-25,1011.8,27.3,68.4,2.9,
2018-08-26,1011.4,27.5,66.2,3,
2018-08-27,1011.3,27.2,60.1,3.3,
2018-08-28,1012,27.1,67.1,3.3,
2018-08-29,1011.5,27.1,63.8,3.2,
2018-08-30,1009.8,27,63,3.1,
2018-08-31,1009.6,27,62.5,3.2,
2018-09-01,1010.5,26.9,64.5,2.8,
2018-09-02,1010.2,26.3,72,2.9,
2018-09-03,1009.8,27.4,65.2,2.7,
2018-09-04,1009.2,27,66.2,2.9,
2018-09-05,1010.4,26.6,72.8,2.6,
2018-09-06,1011,26.9,70.7,2.7,
2018-09-07,1010.4,27.2,66.3,3.4,
2018-09-08,1009.5,27.2,59.3,3,
2018-09-09,1009.7,27,61.6,3.6,
2018-09-10,1009.7,27.4,66.8,3.5,
2018-09-11,1010.5,26.9,72.5,3.8,
2018-09-12,1010.9,27,64.5,3.9,
2018-09-13,1010.4,27.4,57.5,3.8,
2018-09-14,1009.1,26.9,62.7,3.4,
2018-09-15,1009.3,27.2,63.1,3.8,
2018-09-16,1009.3,27.2,66.4,3.6,
2018-09-17,1009.1,27.3,69.3,3.2,
2018-09-18,1009.2,27.4,65.3,3.7,
2018-09-19,1010.1,27.3,64.3,3.3,
2018-09-20,1010.6,27.4,65.3,3.3,
2018-09-21,1009.9,27.3,64.7,3.3,
2018-09-22,1009.1,27.4,67.4,3,
2018-09-23,1009.4,27.4,67.7,2.7,
2018-09-24,1009.7,27.3,67.5,2.8,
2018-09-25,1009.4,27.5,68.7,3.4,
2018-09-26,1008.8,27.3,66.7,3.4,
2018-09-27,1009.2,27.7,65,3.9,
2018-09-28,1009.6,27.9,64,3.7,
2018-09-29,1009.5,27.8,69.8,2.8,
2018-09-30,1009.6,27.8,65.2,3.7,
2018-10-01,1009.5,27.4,63.5,3.7,
2018-10-02,1010.1,27.3,59.3,4,
2018-10-03,1010,27.5,65.9,3.1,
2018-10-04,1010.2,27.4,68.7,2.8,
2018-10-05,1009.3,27.1,69.1,3,
2018-10-06,1009.4,27.1,67.1,2.9,
2018-10-07,1010.1,27.6,69,3.1,
2018-10-08,1010.2,27.7,64.9,3.6,
2018-10-09,1009.8,27.8,63.3,3.3,
2018-10-10,1008.9,27.7,64.5,3.5,
2018-10-11,1009.7,27.9,62.3,3.5,
2018-10-12,1010.5,27.2,68,3,
2018-10-13,1010.5,27.5,66.5,3.2,
2018-10-14,1009.5,27,73,2.6,
2018-10-15,1009.2,27.2,70.1,2.2,
2018-10-16,1008.8,27.4,71.5,1.9,
2018-10-17,1009,27.6,69.3,2.7,
2018-10-18,1008.8,27.9,65,3.4,
2018-10-19,1007.3,27.7,65.5,2.9,
2018-10-20,1006.6,27.2,68,2.4,
2018-10-21,1007.5,null,67.8,2.3,
2018-10-22,1008.7,28,66,2.5,
2018-10-23,1008.8,28.4,64.3,3.1,
2018-10-24,1009.4,28.3,65.4,3,
2018-10-25,1008.8,28.2,66,3.1,
2018-10-26,1008.4,28.2,66,2.9,
2018-10-27,1008.7,28,65.7,3.2,
2018-10-28,1008.7,27.4,67.4,2.2,
2018-10-29,1008.8,28.1,68.7,2.4,
2018-10-30,1009.9,28.7,67,3.4,
2018-10-31,1009.8,28.3,64.7,3.5,
2018-11-01,1009.5,28.2,64,3.1,
2018-11-02,1008.1,28,66.2,2.8,
2018-11-03,1007.6,28.3,65.3,3.3,
2018-11-04,1007.5,28.1,66.1,3.1,
2018-11-05,1007.5,27.9,68.3,2.9,
2018-11-06,1007.9,27.7,68.3,3,
2018-11-07,1008.4,28.2,66,3.5,
2018-11-08,1008.8,28.2,63.1,3.3,
2018-11-09,1008.5,28.4,65.2,3.1,
2018-11-10,1007.2,null,67.2,3.5,
2018-11-11,1007.1,28.4,64.4,3.2,
2018-11-12,1008.3,27.8,67.3,2.5,
2018-11-13,1008.2,28.4,68,3,
2018-11-14,1007.9,28.4,63.8,3.5,
2018-11-15,1008,28.1,62.7,3.2,
2018-11-16,1009.4,28.1,65.2,2.9,
2018-11-17,1009.1,null,65.7,3.1,
2018-11-18,1008.5,28.8,62.4,3.6,
2018-11-19,1008.4,28.5,61.7,3.5,
2018-11-20,1008.7,28.3,65.4,3,
2018-11-21,1008.5,28.6,66.2,2.9,
2018-11-22,1008.3,28.6,66.5,3.5,
2018-11-23,1008.5,28.4,69,3.2,
2018-11-24,1008.5,28.6,67.1,3.2,
2018-11-25,1008.4,28.2,68.7,2.9,
2018-11-26,1007,28.7,67.1,3.4,
2018-11-27,1006.5,28.8,65.7,3,
2018-11-28,1006.2,29.1,63.6,3.2,
2018-11-29,1007,28.4,65.8,3.3,
2018-11-30,1007.9,26.4,79.1,1.9,
2018-12-01,1007.8,27.6,75.8,1.9,
2018-12-02,1007.3,27.8,76.5,1.9,
2018-12-03,1006,28.2,74,2.4,
2018-12-04,1005.5,28.1,72.8,2.3,
2018-12-05,1006.9,27.9,74.6,1.6,
2018-12-06,1009.1,27.8,75.7,1.5,
2018-12-07,1009.7,28.1,73.1,1.8,
2018-12-08,1009.9,28.2,71.3,1.8,
2018-12-09,1010.6,28.3,72.4,2.1,
2018-12-10,1011.5,28.1,72.5,2.4,
2018-12-11,1011,27.9,72.6,2.9,
2018-12-12,1010.3,28.2,66,3.1,
2018-12-13,1009.8,28.4,65.1,2.9,
2018-12-14,1010.2,26.9,77.4,2.1,
2018-12-15,1011.2,27.6,69.1,2.9,
2018-12-16,1011.7,28,64.7,2.7,
2018-12-17,1011.1,26.1,82.6,1.9,
2018-12-18,1010.6,27.3,76.8,2.4,
2018-12-19,1009.7,27.6,67.6,2.7,
2018-12-20,1008.8,27.9,70.3,2.5,
2018-12-21,1008.1,28.3,68.8,2.7,
2018-12-22,1007.9,27.9,69.5,2.4,
2018-12-23,1009.3,25.1,85.5,1,
2018-12-24,1009.7,25.8,78.7,1.8,
2018-12-25,1008.8,26.7,75.1,2.2,
2018-12-26,1009,27.3,69.1,2.4,
2018-12-27,1008.1,26.7,73.3,1.8,
2018-12-28,1008.2,27.4,71.4,2,
2018-12-29,1007.8,27.7,71,2.2,
2018-12-30,1008.1,27.6,70,2.3,
2018-12-31,1008.2,27.7,73.7,2,
2019-01-01,1009.6,28.3,70.7,2.4,
2019-01-02,1010.2,28.7,67.8,3.5,
2019-01-03,1009.7,28.4,70,3.1,
2019-01-04,1009.7,28.5,70.8,3.2,
2019-01-05,1009.3,28.7,72.5,3.3,
2019-01-06,1009.4,27.7,73.8,2.3,
2019-01-07,1009,27.3,74.6,1.8,
2019-01-08,1009,null,80.4,1.4,
2019-01-09,1008.4,null,80.9,1.7,
2019-01-10,null,null,66.8,null,
2019-01-11,1008.6,27.9,71.8,1.9,
2019-01-12,1009.2,26.8,77.5,1.2,
2019-01-13,1009.3,26.7,80.8,1.1,
2019-01-14,1009.5,26,84.1,1,
2019-01-15,1010.3,25.9,84.3,1.2,
2019-01-16,1010.7,26.8,78.5,1.3,
2019-01-17,1009.8,27,79.2,1.3,
2019-01-18,1009.6,25.8,85,1.1,
2019-01-19,1009.7,null,88.7,.8,
2019-01-20,1010.2,26.6,81.8,1.5,
2019-01-21,1009.7,null,71.5,3,
2019-01-22,1010,null,65.2,2.4,
2019-01-23,1010.1,26.9,75.3,1.6,
2019-01-24,1009.3,27.6,75.1,1.8,
2019-01-25,1009.2,null,73.5,1.8,
2019-01-26,1010.1,null,74.4,1.4,
2019-01-27,1009.8,null,79.4,1.7,
2019-01-28,null,null,null,null,
2019-01-29,null,null,null,null,
2019-01-30,null,null,null,null,
2019-01-31,null,null,68.9,null,
2019-02-01,null,null,null,null,
2019-02-02,null,null,null,null,
2019-02-03,null,null,null,null,
2019-02-04,null,null,null,null,
2019-02-05,null,null,null,null,
2019-02-06,null,null,75.5,null,
2019-02-07,null,null,null,null,
2019-02-08,null,null,null,null,
2019-02-09,null,null,null,null,
2019-02-10,null,null,null,null,
2019-02-11,null,null,null,null,
2019-02-12,null,null,null,null,
2019-02-13,null,null,null,null,
2019-02-14,null,null,null,null,
2019-02-15,null,null,null,null,
2019-02-16,null,null,null,null,
2019-02-17,null,null,null,null,
2019-02-18,null,null,null,null,
2019-02-19,null,null,null,null,
2019-02-20,null,null,null,null,
2019-02-21,null,null,null,null,
2019-02-22,null,null,null,null,
2019-02-23,null,null,null,null,
2019-02-24,null,null,null,null,
2019-02-25,null,null,null,null,
2019-02-26,null,null,null,null,
2019-02-27,1009.2,26.4,80.1,1,
2019-02-28,null,null,null,null,
2019-03-01,null,null,null,null,
2019-03-02,null,null,null,null,
2019-03-03,null,null,null,null,
2019-03-04,null,null,null,null,
2019-03-05,null,null,null,null,
2019-03-06,null,null,null,null,
2019-03-07,null,null,null,null,
2019-03-08,null,null,null,null,
2019-03-09,null,null,null,null,
2019-03-10,null,null,null,null,
2019-03-11,null,null,null,null,
2019-03-12,null,null,null,null,
2019-03-13,null,null,null,null,
2019-03-14,null,null,null,null,
2019-03-15,null,null,null,null,
2019-03-16,null,null,null,null,
2019-03-17,null,null,null,null,
2019-03-18,null,null,null,null,
2019-03-19,null,null,null,null,
2019-03-20,null,null,null,null,
2019-03-21,null,null,null,null,
2019-03-22,null,null,null,null,
2019-03-23,null,null,null,null,
2019-03-24,null,null,null,null,
2019-03-25,null,null,null,null,
2019-03-26,null,null,null,null,
2019-03-27,null,null,null,null,
2019-03-28,null,null,null,null,
2019-03-29,null,null,null,null,
2019-03-30,null,null,null,null,
2019-03-31,null,null,null,null,
2019-04-01,null,null,null,null,
2019-04-02,null,null,null,null,
2019-04-03,null,null,null,null,
2019-04-04,null,null,null,null,
2019-04-05,null,null,null,null,
2019-04-06,null,null,null,null,
2019-04-07,null,null,null,null,
2019-04-08,null,null,null,null,
2019-04-09,null,null,null,null,
2019-04-10,null,null,null,null,
2019-04-11,null,null,null,null,
2019-04-12,null,null,null,null,
2019-04-13,null,null,null,null,
2019-04-14,null,null,null,null,
2019-04-15,null,null,null,null,
2019-04-16,null,null,null,null,
2019-04-17,null,null,null,null,
2019-04-18,null,null,null,null,
2019-04-19,null,null,null,null,
2019-04-20,null,null,null,null,
2019-04-21,null,null,null,null,
2019-04-22,null,null,null,null,
2019-04-23,null,null,null,null,
2019-04-24,null,null,null,null,
2019-04-25,null,null,null,null,
2019-04-26,null,null,null,null,
2019-04-27,null,null,null,null,
2019-04-28,null,null,null,null,
2019-04-29,null,null,null,null,
2019-04-30,null,null,null,null,
2019-05-01,null,null,null,null,
2019-05-02,null,null,null,null,
2019-05-03,null,null,null,null,
2019-05-04,null,null,null,null,
2019-05-05,null,null,null,null,
2019-05-06,null,null,null,null,
2019-05-07,null,null,null,null,
2019-05-08,null,null,null,null,
2019-05-09,null,null,null,null,
2019-05-10,null,null,null,null,
2019-05-11,null,null,null,null,
2019-05-12,null,null,66.4,null,
2019-05-13,1009.3,27.9,75.7,1.8,
2019-05-14,1009.6,27,80.8,1.1,
2019-05-15,1009,27.5,77.3,1.2,
2019-05-16,1009.1,27.2,79,1.3,
2019-05-17,1008.8,27.3,79.3,1.4,
2019-05-18,1008.8,27.7,76.1,1.7,
2019-05-19,1009.2,26.6,81.7,1.6,
2019-05-20,1009,25.3,88.9,1.3,
2019-05-21,1008.2,26.9,81.2,1.8,
2019-05-22,1009.3,25.9,85,1.7,
2019-05-23,1009.1,27,79.7,1.5,
2019-05-24,1009.1,27.5,78.2,1.8,
2019-05-25,1009.1,27.6,78.1,2.1,
2019-05-26,1008.9,27,82.1,1.7,
2019-05-27,1009.3,27,75.7,1.9,
2019-05-28,1009,27.1,74,2.1,
2019-05-29,1009.7,27.3,77.6,2.1,
2019-05-30,1009.8,25.6,86.4,1.9,
2019-05-31,1009,27,78.6,1.9,
2019-06-01,1009.3,27.3,73.8,2,
2019-06-02,1009.2,26.9,76.6,1.9,
2019-06-03,1010.9,27.4,73.9,1.9,
2019-06-04,1011.8,27.2,74,2.2,
2019-06-05,1011,27.7,72.6,2.4,
2019-06-06,1010.2,27.7,70.9,2,
2019-06-07,1010,27.5,68.2,2.2,
2019-06-08,1010.5,27.6,73.2,2.1,
2019-06-09,1010.9,27.9,70.9,2.2,
2019-06-10,1010.7,27.4,73.2,1.9,
2019-06-11,1010.4,27.6,69.9,2.8,
2019-06-12,1011.3,24.8,85.6,1.9,
2019-06-13,1011.2,25.4,86.6,1.6,
2019-06-14,1011.9,25.3,83.9,2.1,
2019-06-15,1011.5,27.2,71.5,2.5,
2019-06-16,1011.8,26.3,78.5,1.8,
2019-06-17,1011.9,25.4,82.9,1.2,
2019-06-18,1012.1,26.5,79.8,1.7,
2019-06-19,1011.8,26.9,76.7,1.4,
2019-06-20,1012.2,26.6,75.2,2,
2019-06-21,1013.1,27.1,68.7,2.5,
2019-06-22,1013.5,26.6,70.8,2,
2019-06-23,1012.5,27,69.5,2.3,
2019-06-24,1010.8,26.4,73,2.2,
2019-06-25,1010.1,26.2,75.4,2.1,
2019-06-26,1011,27,71.3,2.6,
2019-06-27,1011.5,27,72.9,2.6,
2019-06-28,1010.8,27.4,66.6,2.8,
2019-06-29,1010.2,26.5,71.3,2.7,
2019-06-30,1010,26.1,72.5,3,
2019-07-01,1009.9,26.5,73.8,3,
2019-07-02,1009.1,26.8,70.9,2.2,
2019-07-03,1009.6,25.5,82.7,1.9,
2019-07-04,1010,26.5,77.8,2,
2019-07-05,1011.9,27.3,75.3,2.4,
2019-07-06,1012.2,26.4,75.5,2,
2019-07-07,1012.1,26.5,73,1.9,
2019-07-08,1013,26.8,73.2,2.4,
2019-07-09,1012.9,26.6,71,2.8,
2019-07-10,1012,27,68.7,2,
2019-07-11,1010.8,26.3,75.6,2.2,
2019-07-12,1010.6,26.8,72.1,2.9,
2019-07-13,1011.2,26,78.2,2.6,
2019-07-14,1010.4,26.3,74.3,1.9,
2019-07-15,1010,26.8,73.8,2.7,
2019-07-16,1010.9,27.2,69.8,2.6,
2019-07-17,1011.7,27,74,2.4,
2019-07-18,1012.3,27.5,67.4,2.6,
2019-07-19,1012.4,26.9,68.8,2.7,
2019-07-20,1012.3,26.6,69.7,3,
2019-07-21,1011.5,26.4,70.2,2.4,
2019-07-22,1011.1,26.5,68.6,3,
2019-07-23,1011.7,25.4,76.5,2.3,
2019-07-24,1010.9,26.1,71.8,1.9,
2019-07-25,1010.8,26.4,71.7,2.8,
2019-07-26,1012,26.6,69.8,3,
2019-07-27,1012.9,26.9,69,3,
2019-07-28,1011.6,26.5,73.8,2.6,
2019-07-29,1011,26.8,67.3,2.7,
2019-07-30,1011.5,26.5,69.8,2.6,
2019-07-31,1011.6,26.9,71.1,3,
2019-08-01,1010.6,26.7,72.2,2.8,
2019-08-02,1011.3,26.8,71.9,3.3,
2019-08-03,1011.6,26.8,67.6,2.5,
2019-08-04,1012.4,26.9,69.5,3.1,
2019-08-05,1013.4,26.8,67.8,3.4,
2019-08-06,1014.9,24.7,76.2,2.7,
2019-08-07,1014.4,25.5,72.5,2.5,
2019-08-08,1013.6,26.4,64.9,3.1,
2019-08-09,1013.5,26.4,61.4,3,
2019-08-10,1013.9,26,63.3,3.2,
2019-08-11,1013.3,27,68.1,2.7,
2019-08-12,1011.5,26.7,68.5,2.8,
2019-08-13,1011.6,27.1,63.5,2.9,
2019-08-14,1012.6,26.7,73,2.9,
2019-08-15,1013.1,27.2,68.7,3.2,
2019-08-16,1012.2,27.4,64,3.5,
2019-08-17,1012,27.1,66.5,3.2,
2019-08-18,1011.7,27.1,66.3,3,
2019-08-19,1012.1,26.9,66.8,2.9,
2019-08-20,1012.7,27,67.4,3.3,
2019-08-21,1013.3,26.5,65.2,3.4,
2019-08-22,1012.1,26.4,67.8,2.5,
2019-08-23,1012.6,27,67.1,3.1,
2019-08-24,1013.1,27.2,64.8,2.9,
2019-08-25,1013.4,27.2,68.8,3.8,
2019-08-26,1012.5,27.1,62.9,3.6,
2019-08-27,1012.4,27.5,61.5,3.5,
2019-08-28,1012,27.5,62.5,3,
2019-08-29,1011.6,27.3,61.1,3,
2019-08-30,1012.1,26.7,64,3,
2019-08-31,1011.9,26.8,65.7,3.2,
2019-09-01,1010.6,27,70.4,2.9,
2019-09-02,1010.1,27.1,71.6,3.5,
2019-09-03,1011.2,27,69.1,3.7,
2019-09-04,1012.3,26.9,68.1,3.5,
2019-09-05,1012.1,27.1,70.2,3,
2019-09-06,1011.9,27.4,66.2,3.8,
2019-09-07,1012.3,27.4,62.3,3.6,
2019-09-08,1013.2,27.5,63.6,3.5,
2019-09-09,1013,27.4,64,3.6,
2019-09-10,1012.4,27,64.5,3.2,
2019-09-11,1010.8,27.1,65.7,3.5,
2019-09-12,1010.2,27.3,70.4,3.5,
2019-09-13,1010.8,27.4,63.8,3.4,
2019-09-14,1010.4,27.3,67,3.3,
2019-09-15,1009.8,27.4,67.9,3.8,
2019-09-16,1010.2,27.2,66.6,3.7,
2019-09-17,1010.1,27.2,66.1,3.6,
2019-09-18,1009.3,27.1,67.2,3.3,
2019-09-19,1009.5,27.2,67.4,3.3,
2019-09-20,1010.2,27.3,62.2,3.8,
2019-09-21,1010.4,27.3,69.1,3.6,
2019-09-22,1010.2,26.5,71.9,3.2,
2019-09-23,1011,27.3,67.3,3.3,
2019-09-24,1011.4,27.6,66,3.4,
2019-09-25,1011,27.4,65.7,3.2,
2019-09-26,1011.2,27.2,64.4,3.6,
2019-09-27,1011.9,27.2,68.2,3.3,
2019-09-28,1011.3,27.1,69.5,2.7,
2019-09-29,1010.1,27,69.7,2.8,
2019-09-30,1009.4,27.3,64.9,3.2,
2019-10-01,1008.5,27.1,65.8,3.2,
2019-10-02,1009.5,26.8,67.1,3.4,
2019-10-03,1010.3,26.6,69.7,2.7,
2019-10-04,1009.6,27.3,70.4,3.4,
2019-10-05,1009.1,27.4,61,3.9,
2019-10-06,1009.2,27.3,65,3.4,
2019-10-07,1010.1,26.8,70.5,3.4,
2019-10-08,1009.6,27.2,62.7,3.9,
2019-10-09,1009.5,27.5,64.5,3.5,
2019-10-10,1009.3,27.4,65.5,3.4,
2019-10-11,1009.4,27.6,66.8,3.4,
2019-10-12,1009.2,27.7,63.3,3.6,
2019-10-13,1008.8,27.4,62.9,3.7,
2019-10-14,1009.1,27.2,71.6,3.1,
2019-10-15,1010,27.7,69.4,3.4,
2019-10-16,1010,27.6,66.3,3.5,
2019-10-17,1010.5,27.6,64.4,3.3,
2019-10-18,1010.3,27.9,65.8,3.8,
2019-10-19,1009.3,27.6,69,2.8,
2019-10-20,1008.4,27.4,70.9,2.5,
2019-10-21,1008.3,27.6,67,2.6,
2019-10-22,1008.5,27.5,66.9,2,
2019-10-23,1008.2,27.7,69.8,1.6,
2019-10-24,1008.4,27.9,67.6,2.7,
2019-10-25,1009,28.1,62,3.5,
2019-10-26,1009.9,28,67.8,3.3,
2019-10-27,1010.5,28.1,67.3,3.5,
2019-10-28,1009.1,27.7,65.2,3.7,
2019-10-29,1008.3,27.5,59.5,3.9,
2019-10-30,1008.7,27.3,61.8,2.9,
2019-10-31,1009.4,27.5,63.3,3.1,
2019-11-01,1009.2,27.6,65.3,2.9,
2019-11-02,1007.9,27.9,67.3,3.5,
2019-11-03,1008,27.9,68,3.6,
2019-11-04,1008.7,28.1,67.5,3.2,
2019-11-05,1009,28,67.3,3.4,
2019-11-06,1008.6,28,64.9,3.6,
2019-11-07,1007,27.8,67,3.1,
2019-11-08,1006.5,28.3,63,3.2,
2019-11-09,1007.8,28.2,65.3,3,
2019-11-10,1008.3,28.2,64.2,3.4,
2019-11-11,1007.1,28.2,66.1,3.1,
2019-11-12,1006.7,28.3,63.2,3.4,
2019-11-13,1007.7,27.8,65.1,3.4,
2019-11-14,1008.4,27.8,66,3.2,
2019-11-15,1007.6,27.9,67,3,
2019-11-16,1006,28.1,67.2,3,
2019-11-17,1006.3,28.1,68.9,2.7,
2019-11-18,1007.5,28.1,69.5,2.5,
2019-11-19,1008.9,28.3,66.8,3.3,
2019-11-20,1007.6,27.7,66.9,3,
2019-11-21,1007.6,28.1,63.3,3.9,
2019-11-22,1008.1,28.2,65.1,2.9,
2019-11-23,1008.4,28.4,69.1,2.9,
2019-11-24,1007.8,28.5,69.5,2.9,
2019-11-25,1007.7,28.2,69.8,2.2,
2019-11-26,1008.2,28.5,69.7,2.6,
2019-11-27,1008.2,28.3,69,3.2,
2019-11-28,1007.7,28.4,66.6,3,
2019-11-29,1007.9,28.5,67.2,3,
2019-11-30,1008.7,27.8,69.5,2.6,
2019-12-01,1009.8,28.5,67.3,3,
2019-12-02,1008.8,28.4,68.3,2.4,
2019-12-03,1007.5,28.5,67.4,2.7,
2019-12-04,1008.4,28.4,65.9,2.9,
2019-12-05,1009.5,28.6,64.1,2.8,
2019-12-06,1009.2,28.2,66.3,2.4,
2019-12-07,1008.2,28,68.1,2.1,
2019-12-08,1008.1,28.3,67,1.9,
2019-12-09,1008.9,28.9,63.7,2.7,
2019-12-10,1008.5,28.2,65.9,2.2,
2019-12-11,1007.5,28,70.5,2.1,
2019-12-12,1006.5,28.3,70.2,2.4,
2019-12-13,1007,28.3,67.8,3.4,
2019-12-14,1007.8,28.7,62.7,3.2,
2019-12-15,1008,28.6,67.3,3.2,
2019-12-16,1008.1,28.4,66.6,3,
2019-12-17,1007.7,28.3,65.9,2.9,
2019-12-18,1008.3,28.4,66.1,2.9,
2019-12-19,1008.6,28.4,69.8,3.2,
2019-12-20,1008.2,28.6,65.1,3.6,
2019-12-21,1007.5,29.3,63,3.7,
2019-12-22,1008.1,28.5,62.3,3.8,
2019-12-23,1008.4,28.5,63.4,3,
2019-12-24,1008.2,28.3,73.1,3.4,
2019-12-25,1007.3,28.7,67.9,3.4,
2019-12-26,1007.7,28.7,61.9,3.3,
2019-12-27,1008.4,28.4,63.7,3.1,
2019-12-28,1007.9,28.3,68.5,3.1,
2019-12-29,1006.7,28.6,68.7,3,
2019-12-30,1006.4,26.8,79.5,1.8,
2019-12-31,1007.4,26.1,84.3,.5,
2020-01-01,1008.5,26.5,79,1.5,
2020-01-02,1008.2,26.1,85.3,1.2,
2020-01-03,1008.9,28.1,74.5,2.3,
2020-01-04,1009.2,28.1,71.6,1.9,
2020-01-05,1008.8,27.7,72.6,1.7,
2020-01-06,1008.5,28.1,73.3,1.8,
2020-01-07,1009.2,28.4,73,1.4,
2020-01-08,1009.2,26.8,79.7,1,
2020-01-09,1008.9,26.2,83.1,.8,
2020-01-10,1009.3,26.3,81.2,1.3,
2020-01-11,1008.6,27.9,73.1,2.5,
2020-01-12,1009.1,27.9,71.6,2.2,
2020-01-13,1008.5,28,73.1,2,
2020-01-14,1008.2,26.9,79.5,1.2,
2020-01-15,1008.4,27.1,80.4,1.4,
2020-01-16,1009.3,27.6,77.3,1.7,
2020-01-17,1009.7,27.8,76.3,1.9,
2020-01-18,1009.5,27.7,77.8,2.4,
2020-01-19,1009,28.1,72.8,2.6,
2020-01-20,1007.6,27.7,72.6,1.7,
2020-01-21,1007.2,28.1,70.1,1.3,
2020-01-22,1007.2,28.8,70.8,2.2,
2020-01-23,1007.2,28.8,72.8,2.7,
2020-01-24,1008.2,29,69.5,2.7,
2020-01-25,1008.2,29,71.9,2.5,
2020-01-26,1008.5,27.1,82.4,1.8,
2020-01-27,1009,27.5,81,1.4,
2020-01-28,1009.5,27.1,77.3,1.5,
2020-01-29,1008.9,28,72.8,1.3,
2020-01-30,1009.1,28.3,74.5,2.1,
2020-01-31,1010.4,25.3,85.8,1.2,
2020-02-01,1010.3,26.8,80,1.1,
2020-02-02,1010.1,26.8,79.1,1.1,
2020-02-03,1010.1,27.8,78.5,1.4,
2020-02-04,1009.5,26.8,83.5,1.3,
2020-02-05,1009.8,25.2,85.7,1.2,
2020-02-06,1009.4,25.7,84.5,.9,
2020-02-07,1007.9,26.9,78.3,1.5,
2020-02-08,1008.4,27.4,76.8,1.5,
2020-02-09,1009.8,27.5,77.9,1.5,
2020-02-10,1010.3,28,77.3,2.1,
2020-02-11,1009.1,28,75.3,1.7,
2020-02-12,1008.1,28.4,71.9,2,
2020-02-13,1008.4,26.1,86,.7,
2020-02-14,1008.3,26.9,80.2,1.6,
2020-02-15,1008.3,27,82.1,1,
2020-02-16,1008.4,26.3,84.1,1.1,
2020-02-17,1008.2,26,83.4,1.1,
2020-02-18,1008,26.3,85.7,1.2,
2020-02-19,1006.6,26.9,83.2,1.9,
2020-02-20,1006.9,26.3,83,1.4,
2020-02-21,1007.3,27.3,76.6,1.8,
2020-02-22,1009.1,25.8,85.7,1,
2020-02-23,1009.3,26.8,82.1,1.3,
2020-02-24,1008.3,27.6,82.1,1.8,
2020-02-25,1007.6,27.6,79.7,1.6,
2020-02-26,1007.1,27.2,82.3,1.4,
2020-02-27,1008.8,28.1,78.5,1.7,
2020-02-28,1009.4,28.1,74.5,1.3,
2020-02-29,1009.6,28,74.4,1,
2020-03-01,1009.6,26.9,80.9,1.1,
2020-03-02,1009,26.7,81.7,1.1,
2020-03-03,1008.7,27.9,76.3,.9,
2020-03-04,1009.8,26.8,83.6,.5,
2020-03-05,1010.2,27.7,78.8,1.1,
2020-03-06,1008.6,28.4,76.4,1.2,
2020-03-07,1008.2,26.2,84.1,.8,
2020-03-08,1007.7,27,80.9,1.2,
2020-03-09,1008.3,27.1,83.3,1.1,
2020-03-10,1008.7,27.6,80.9,1,
2020-03-11,1007.6,27.3,78.9,.9,
2020-03-12,1007.6,25.7,88.3,.7,
2020-03-13,1008.9,24.6,91.3,1.1,
2020-03-14,1008.7,25.6,85.7,1.7,
2020-03-15,1008.2,25.9,86.5,1.1,
2020-03-16,1008.8,26.8,81.5,1.2,
2020-03-17,1009.5,27,79,.9,
2020-03-18,1008.7,27.9,78,1.2,
2020-03-19,1007.6,27.9,79.5,1.3,
2020-03-20,1007.7,27.8,77.5,1,
2020-03-21,1008.7,28,76.3,.9,
2020-03-22,1009.5,28.3,72.9,1.3,
2020-03-23,1009.8,28.6,73.8,1.2,
2020-03-24,1008.6,28.2,74.8,1.2,
2020-03-25,1008.3,27.1,78.9,1.3,
2020-03-26,1007.7,27.1,79.1,1.3,
2020-03-27,1006.7,27.5,78.3,1.7,
2020-03-28,1007.4,28.2,74.5,2,
2020-03-29,1007.8,28.3,76.8,1.8,
2020-03-30,1007.1,26.1,87.3,1.1,
2020-03-31,1006,26.2,87.8,1.3,
2020-04-01,1007.3,27.2,78.7,1.7,
2020-04-02,1008.5,28.2,78.3,1.7,
2020-04-03,1007.8,28.5,76.4,1.8,
2020-04-04,1007.8,26.5,87.2,.8,
2020-04-05,1008.3,28,80.5,1.7,
2020-04-06,1009.2,27.8,80.9,1.5,
2020-04-07,1008.4,28.3,76.8,1.8,
2020-04-08,1007.4,28.8,71.6,2.1,
2020-04-09,1007.6,27.3,83.6,1.2,
2020-04-10,1008.3,27.6,82.1,1.7,
2020-04-11,1008.6,27.5,81.7,1,
2020-04-12,1008.7,27.6,78.7,1.7,
2020-04-13,1008.1,27.2,81.8,.8,
2020-04-14,1007.4,27.7,77.1,1.1,
2020-04-15,1008.7,26.5,81,.8,
2020-04-16,1009.9,26.2,85.8,1,
2020-04-17,1010.6,25.8,86.1,.7,
2020-04-18,1010.5,26.5,82.8,1,
2020-04-19,1010,27.4,76.7,1.1,
2020-04-20,1008.8,27.6,77.6,1.3,
2020-04-21,1009.5,25.4,88.5,1.1,
2020-04-22,1008.9,26.3,82.5,1.1,
2020-04-23,1008.4,26.7,81,1.4,
2020-04-24,1008.9,25.8,85.7,1.2,
2020-04-25,1009.4,25.2,88.8,.6,
2020-04-26,1009.2,26.3,84,.8,
2020-04-27,1009.9,25.3,89.2,1.1,
2020-04-28,1010,26.7,79.8,1.4,
2020-04-29,1010.1,26.9,78.3,2.1,
2020-04-30,1009.8,26.8,79.5,1.9,
2020-05-01,1010.7,26.9,81.2,1.7,
2020-05-02,1010.1,27.8,78.1,1.6,
2020-05-03,1008.7,27.9,77.1,2,
2020-05-04,1007.8,27.3,76.5,1.9,
2020-05-05,1007.7,27.8,73.8,2.3,
2020-05-06,1008.6,27.6,73.9,2.7,
2020-05-07,1008.5,27.8,71.4,2,
2020-05-08,1009.7,27.6,76,1.4,
2020-05-09,1010.6,27,77,1.3,
2020-05-10,1011.2,27.2,75.6,2,
2020-05-11,1010.1,27.8,73.1,1.8,
2020-05-12,1009.4,27.3,74,1.8,
2020-05-13,1008.8,27.4,75.3,1.9,
2020-05-14,1009,27.2,77,2,
2020-05-15,1010.1,25.2,88.5,1,
2020-05-16,1010.6,24.7,90.7,.8,
2020-05-17,1010.4,26.4,80.3,1.1,
2020-05-18,1010.6,27,80.8,1.5,
2020-05-19,1010.5,27.7,78.3,1.9,
2020-05-20,1010.1,27.6,78.8,1.8,
2020-05-21,1010.6,26.4,83.9,1.5,
2020-05-22,1010.7,26.7,80.7,1.8,
2020-05-23,1010.8,26.5,82.2,1.5,
2020-05-24,1010.2,26.9,80.4,1.5,
2020-05-25,1010.7,27.1,77,1.4,
2020-05-26,1010.8,27.3,78.6,.9,
2020-05-27,1010,27.3,77.1,1.2,
2020-05-28,1009.1,27.6,78.2,1.7,
2020-05-29,1009.5,26.7,80.6,1.7,
2020-05-30,1010,26.7,75.1,1.9,
2020-05-31,1010.6,25.4,86,1.5,
2020-06-01,1010.4,26.5,80.8,1.6,
2020-06-02,1010.7,26.7,80.5,1.6,
2020-06-03,1010.9,26.9,77.9,2.1,
2020-06-04,1010.7,27.3,77.9,1.9,
2020-06-05,1011.4,27.4,75.5,2.4,
2020-06-06,1011.3,26.9,75.5,1.8,
2020-06-07,1011.9,25.3,85.5,.8,
2020-06-08,1010.5,26.6,76.6,1.7,
2020-06-09,1010.1,26.1,81.3,1.2,
2020-06-10,1010.4,26.1,80.7,1.9,
2020-06-11,1010.9,24.5,89.5,1.1,
2020-06-12,1009.6,25,83.3,1.7,
2020-06-13,1009.7,26.5,77.8,1.6,
2020-06-14,1010.3,26.7,78.4,1.7,
2020-06-15,1010.8,26.9,73.7,2.1,
2020-06-16,1011,27.1,76.3,2.2,
2020-06-17,1010.6,26.1,77.1,2.3,
2020-06-18,1010.7,26.2,76.5,2.4,
2020-06-19,1011.1,26.9,74.2,1.9,
2020-06-20,1011,26.8,74,2.8,
2020-06-21,1011.2,26.5,70.6,2.6,
2020-06-22,1010,26.5,70.5,2.1,
2020-06-23,1008.6,27,68.5,2.2,
2020-06-24,1008.8,26,73.8,1.8,
2020-06-25,1009.9,26.2,72.3,2,
2020-06-26,1010.3,26.3,73.3,2,
2020-06-27,1008.9,26.7,73.8,2.3,
2020-06-28,1009.5,27.1,73.3,2.3,
2020-06-29,1009.8,27.1,73,2.7,
2020-06-30,1009.6,26.7,72,1.9,
2020-07-01,1008.9,26.3,75.6,1.9,
2020-07-02,1009.4,26.6,74.8,2,
2020-07-03,1010.1,26.5,77.5,2.3,
2020-07-04,1009.9,26.7,72.7,2.4,
2020-07-05,1009.4,27.3,70,2.5,
2020-07-06,1010,24.1,88.4,2,
2020-07-07,1010,24.9,77.2,2,
2020-07-08,1009.3,26.4,74.2,1.7,
2020-07-09,1011.2,25.6,79.6,1.7,
2020-07-10,1011.4,26.2,76.9,1.9,
2020-07-11,1010.4,27.3,69,2,
2020-07-12,1010.4,26.6,74.4,2.2,
2020-07-13,1011.3,26.2,66.7,2.5,
2020-07-14,1011.4,25.9,70.3,1.8,
2020-07-15,1011.2,25.9,75.8,1.7,
2020-07-16,1011.7,26.7,70.5,2.4,
2020-07-17,1011.4,26.6,69.3,2.4,
2020-07-18,1010.8,26.8,72.2,2.6,
2020-07-19,1010.3,26.5,67.8,2.7,
2020-07-20,1010.3,25.6,76,2.2,
2020-07-21,1009.8,25.7,76.2,2.4,
2020-07-22,1009.7,26.1,67,2.4,
2020-07-23,1010.2,27.1,69.3,2.2,
2020-07-24,1010.4,27.2,66.9,2.7,
2020-07-25,1010.5,26.6,69.4,1.9,
2020-07-26,1011,26.5,66,2.7,
2020-07-27,1011.6,25.9,69,3,
2020-07-28,1011,26.6,66.4,3.3,
2020-07-29,1010.8,26.4,68.1,2.6,
2020-07-30,1010.7,26.6,66.4,3,
2020-07-31,1011.3,26.2,66,2.7,
2020-08-01,1012.1,26.9,66.8,2.5,
2020-08-02,1012.4,26.8,72.9,2.1,
2020-08-03,1013.4,26.9,68.3,2.6,
2020-08-04,1013.5,26.8,63.7,3,
2020-08-05,1012.8,26,64.5,2.6,
2020-08-06,1012.3,26.1,66.1,3,
2020-08-07,1012.7,26,66.1,2.8,
2020-08-08,1012.9,26.1,66.8,2.5,
2020-08-09,1012.5,26.8,68.1,2.6,
2020-08-10,1010.9,26.9,68.3,2.7,
2020-08-11,1010.1,26.5,66.6,3,
2020-08-12,1009.3,27.3,64.1,3.4,
2020-08-13,1009.7,26.9,68.7,3.3,
2020-08-14,1009.5,26.7,67.5,3.4,
2020-08-15,1008.9,26.7,68.3,3.3,
2020-08-16,1008.9,27.2,64.4,3,
2020-08-17,1008.6,27.1,64.7,3.1,
2020-08-18,1008.8,27,63.9,3.5,
2020-08-19,1009.9,27.1,66.8,3.1,
2020-08-20,1010.4,26.7,69.2,2.4,
2020-08-21,1009.3,27.2,72.6,2.5,
2020-08-22,1009.6,26.9,70.8,2.9,
2020-08-23,1010.7,26.7,69.5,3.5,
2020-08-24,1010.5,26.6,64.4,3,
2020-08-25,1009,26.5,68.6,2.6,
2020-08-26,1009.2,27.2,69.1,3,
2020-08-27,1010.2,27,66,3.9,
2020-08-28,1010.8,27,63.8,3.8,
2020-08-29,1009.8,27.2,68.4,3.4,
2020-08-30,1010.1,27.1,66.7,3.7,
2020-08-31,1010.3,27.2,65.8,3.1,
2020-09-01,1010.4,27.1,65.6,3.2,
2020-09-02,1010.5,27.3,63.8,3.4,
2020-09-03,1009.8,27.2,63.3,3.3,
2020-09-04,1011.3,27.1,66.1,3.6,
2020-09-05,1011.1,27.1,61.8,3.1,
2020-09-06,1009.6,27.1,59.8,3,
2020-09-07,1008.5,27,63.7,3,
2020-09-08,1009.2,26.9,67.9,3.1,
2020-09-09,1011.2,27.4,67,2.9,
2020-09-10,1011.9,27.8,65.2,3.5,
2020-09-11,1009.8,27.2,67.3,3.5,
2020-09-12,1009.7,27.3,63.6,3.5,
2020-09-13,1011.2,27,60.7,3.5,
2020-09-14,1012,27.1,64.2,3.4,
2020-09-15,1011.1,26.9,64,3.6,
2020-09-16,1010.1,27.4,65.9,3.6,
2020-09-17,1010.2,27.7,63.8,3.5,
2020-09-18,1010.3,27.1,66.9,3.4,
2020-09-19,1010.6,26.6,72.5,3.2,
2020-09-20,1010.4,27,68.4,3.4,
2020-09-21,1010.7,27.3,66.4,3.4,
2020-09-22,1011.6,26.9,69.2,2.9,
2020-09-23,1012.2,27.6,64,3.8,
2020-09-24,1011.7,27.3,65.7,3.6,
2020-09-25,1011.2,27.3,66.1,3.6,
2020-09-26,1010,27,67.7,3.4,
2020-09-27,1009.4,27.1,65.7,2.9,
2020-09-28,1008.9,27.3,71.9,3,
2020-09-29,1010,28,64.2,3.6,
2020-09-30,1009.9,27.7,63.3,3.6,
2020-10-01,1008,27.5,64.8,3.3,
2020-10-02,1007.7,27.9,62.5,3.5,
2020-10-03,1008.9,28.2,59.9,3.5,
2020-10-04,1009.2,27.9,67.3,3.1,
2020-10-05,1009.6,27.7,67.3,3.4,
2020-10-06,1010.5,27.8,63,3.5,
2020-10-07,1011.4,27.7,68.1,3.1,
2020-10-08,1011.2,27.3,69.3,2.4,
2020-10-09,1011.2,27.6,66.9,2.6,
2020-10-10,1010.9,27.1,70.8,2.1,
2020-10-11,1010.6,27.5,69.8,2.2,
2020-10-12,1010.3,27.1,70.6,2.5,
2020-10-13,1009.8,27.8,63.7,3.4,
2020-10-14,1009.8,28.2,62.8,3.5,
2020-10-15,1009.3,28.1,67.7,3.6,
2020-10-16,1009.9,28.2,65,3.5,
2020-10-17,1009.2,27.7,67,3.1,
2020-10-18,1008.4,28,63.5,3.6,
2020-10-19,1008.4,27.8,67,3.7,
2020-10-20,1009.7,28,63.6,3.6,
2020-10-21,1010.3,28.1,66.8,3.1,
2020-10-22,1009.7,27.1,76.4,3.1,
2020-10-23,1009.2,27.8,71.8,3.3,
2020-10-24,1008.6,27.9,71.6,3.3,
2020-10-25,1008.1,28.2,67.8,3.3,
2020-10-26,1008,28.1,68.7,3,
2020-10-27,1007.7,27.5,70.7,2,
2020-10-28,1006.9,27.8,68.4,2.9,
2020-10-29,1007.6,28,64.4,3.1,
2020-10-30,1008.6,27.9,66.2,2.5,
2020-10-31,1008.6,28,70.7,2.8,
2020-11-01,1007.1,27.9,71.1,2.8,
2020-11-02,1006.1,28.5,67.8,3,
2020-11-03,1008.2,28,70.5,2.6,
2020-11-04,1009.5,28.6,67.7,3,
2020-11-05,1007.9,28.4,67.6,3.2,
2020-11-06,1008.1,28.5,66.3,3,
2020-11-07,1009.9,28.5,67.1,3.4,
2020-11-08,1009.8,28.8,66.7,3.9,
2020-11-09,1009.1,28.6,66.5,3.4,
2020-11-10,1008.5,27.8,71.1,3.2,
2020-11-11,1008.8,27.4,72.4,2.9,
2020-11-12,1008.7,27.7,67.7,3.2,
2020-11-13,1008.7,28.4,65.7,3.2,
2020-11-14,1008,28.7,67.2,3.7,
2020-11-15,1008.3,28.7,64.5,3.3,
2020-11-16,1007.6,28.4,69.2,3,
2020-11-17,1007.1,28.5,69.6,3.3,
2020-11-18,1007,28.6,68,3.1,
2020-11-19,1007.4,28.5,69.3,3.2,
2020-11-20,1007.7,28,70.5,2.3,
2020-11-21,1007.2,28.4,67.3,3,
2020-11-22,1007.9,28.2,64.8,3.3,
2020-11-23,1008.9,28.2,68.3,2.7,
2020-11-24,1009.6,28.1,69,3,
2020-11-25,1008.8,27.4,71.1,3.2,
2020-11-26,1007.7,28.1,66.4,3.1,
2020-11-27,1007.9,28.7,63,3.6,
2020-11-28,1008.7,28.4,64.4,3.8,
2020-11-29,1008.9,28.6,61.1,3.6,
2020-11-30,1008.8,28.3,66,3.2,
2020-12-01,1008.9,28.4,64.8,3.2,
2020-12-02,1008.9,28.4,66.8,3.7,
2020-12-03,1009.3,28.4,69.5,3.2,
2020-12-04,1009.6,28.7,68.3,3.4,
2020-12-05,1009,28.7,66,3.6,
2020-12-06,1009.6,28.1,68.9,3,
2020-12-07,1008.9,28.3,68.1,3.4,
2020-12-08,1009.8,28.5,63.1,3.6,
2020-12-09,1010.7,28.2,66.5,2.8,
2020-12-10,1009.9,28.3,67,3,
2020-12-11,1008.9,28.2,68.5,2.9,
2020-12-12,1008.9,28.1,65.2,3.4,
2020-12-13,1008.7,28.5,63.2,3,
2020-12-14,1008.3,28.6,65.3,3.2,
2020-12-15,1007.4,28.3,68.2,3,
2020-12-16,1008.3,27.8,71.8,2.7,
2020-12-17,1009,28.7,69.7,3.2,
2020-12-18,1007.9,28.4,68.1,3.5,
2020-12-19,1007.1,28.3,65.8,3.3,
2020-12-20,1007.5,28.4,64.9,3.7,
2020-12-21,1008.5,27.8,69.8,2.9,
2020-12-22,1008.2,28.3,65.5,3.3,
2020-12-23,1007.8,27.6,69.3,2.8,
2020-12-24,1007.3,28,66.7,3.2,
2020-12-25,1006.8,28,67.2,3.4,
2020-12-26,1006.5,27.9,63.7,3.4,
2020-12-27,1007.5,28.1,67.8,3.5,
2020-12-28,1007.7,28.5,62.9,3.7,
2020-12-29,1006.8,28.4,62.7,3.5,
2020-12-30,1006.9,28,69.1,2.7,
2020-12-31,1008.2,28.4,69,2.9,
2021-01-01,1009.1,28.8,65.7,3.1,
2021-01-02,1008.2,28.2,68.4,2.7,
2021-01-03,1007.1,28.6,68.4,3.1,
2021-01-04,1007.3,28.4,70.1,3.3,
2021-01-05,1008.3,27.9,70.5,2.7,
2021-01-06,1008,28.3,67.5,3,
2021-01-07,1008.1,28.8,67.4,3.4,
2021-01-08,1008.3,28.5,67.3,3.7,
2021-01-09,1008,28.3,66.9,3.1,
2021-01-10,1008.8,28.3,65.8,2.7,
2021-01-11,1008.7,28,66.5,2,
2021-01-12,1008.6,28.1,66.3,2.3,
2021-01-13,1008.4,28.3,66.3,2.6,
2021-01-14,1008.2,27.8,69,2.9,
2021-01-15,1007.1,28.5,66.7,3.2,
2021-01-16,1006.2,28.6,66.8,3.3,
2021-01-17,1006.4,28.1,66,3.2,
2021-01-18,1007.2,27.6,70.6,3,
2021-01-19,1008.1,25.8,80.3,1.6,
2021-01-20,1008.1,25.4,85.1,.9,
2021-01-21,1008.4,26.7,79.3,1.9,
2021-01-22,1009.4,27.7,70.6,2.5,
2021-01-23,1008.7,27.8,71.9,2.5,
2021-01-24,1007.5,28.1,68.4,3.2,
2021-01-25,1006.9,26.9,78.9,2.3,
2021-01-26,1007.3,27.8,72,2.9,
2021-01-27,1007.3,27.9,71.7,2.3,
2021-01-28,1007.4,27.7,73.4,2.6,
2021-01-29,1008.2,27.7,72.9,2.8,
2021-01-30,1008.5,27.6,73.2,2.9,
2021-01-31,1008.4,27.7,72.6,2.6,
2021-02-01,1007.7,27.9,71,3.3,
2021-02-02,1008.5,28.1,66.3,3.5,
2021-02-03,1008.9,27.8,68.6,3.1,
2021-02-04,1009.1,28.2,68.3,3.3,
2021-02-05,1008.4,27.7,70.7,2.7,
2021-02-06,1008.3,28.3,67.6,3,
2021-02-07,1008.1,28.3,70.8,2.3,
2021-02-08,1007.5,28.2,73.3,2.4,
2021-02-09,1007.9,28.2,73,2.3,
2021-02-10,1007.2,28.3,73.3,2.7,
2021-02-11,1007.3,28.9,71,3.5,
2021-02-12,1007.6,28.2,72.7,3.1,
2021-02-13,1007,28.5,71.9,3,
2021-02-14,1007,28.4,71.3,2.8,
2021-02-15,1006.4,28.2,72.2,2.1,
2021-02-16,1007.8,26,82.8,1,
2021-02-17,1008,26.1,79.3,.8,
2021-02-18,1008.1,27.6,74.4,1.8,
2021-02-19,1009.4,27.9,70.3,1.8,
2021-02-20,1009.9,25.7,85.2,1,
2021-02-21,1008.1,27.6,76.2,2.4,
2021-02-22,1007.8,28.3,69.5,2.8,
2021-02-23,1009.3,27.9,74,2,
2021-02-24,1009.1,27.6,76.3,2.1,
2021-02-25,1007.5,28.4,70.3,2.8,
2021-02-26,1006.5,28.1,72,2.1,
2021-02-27,1007,27,76.1,1.9,
2021-02-28,1005.4,27.5,75.7,2,
2021-03-01,1004.3,26.9,77.3,2.8,
2021-03-02,1006.4,27.3,75.7,2.2,
2021-03-03,1008.9,27.6,73.9,2.3,
2021-03-04,1008.4,28.5,70.3,2.4,
2021-03-05,1007.8,27.5,75,2.2,
2021-03-06,1007.8,28.2,72.1,2.6,
2021-03-07,1009,26.3,83.4,1.2,
2021-03-08,1008,26.1,84.7,1.3,
2021-03-09,1006.9,27.6,77.2,1.7,
2021-03-10,1007,27.6,75.7,2,
2021-03-11,1007.6,28,72.7,2.3,
2021-03-12,1008.5,27.7,73.2,2.3,
2021-03-13,1008.9,28.1,69.8,2.4,
2021-03-14,1009,27.9,70.6,2.2,
2021-03-15,1009.3,26.9,76.1,1.4,
2021-03-16,1008.2,26.2,81.6,1.1,
2021-03-17,1007.5,25.5,86.1,.8,
2021-03-18,1007,26.7,80.5,1.1,
2021-03-19,1007.3,27.6,73.5,2,
2021-03-20,1008.6,27.6,72.2,2,
2021-03-21,1009.1,26,79.2,1.7,
2021-03-22,1008.7,25.6,84.3,.7,
2021-03-23,1008.8,25.8,84.4,.8,
2021-03-24,1008.6,25.3,87.3,.9,
2021-03-25,1009,25,88.3,.9,
2021-03-26,1009.6,23.6,88.6,.9,
2021-03-27,1009.1,24.1,90,.5,
2021-03-28,1008.6,25.9,78,.9,
2021-03-29,1008.2,26.8,78.2,1,
2021-03-30,1007.6,27.2,79.4,1.7,
2021-03-31,1006.3,25.9,86.6,.9,
2021-04-01,1006.2,27.3,76.6,2,
2021-04-02,1007.9,27.7,72.5,2.1,
2021-04-03,1008.2,27.9,77.6,2.1,
2021-04-04,1007.4,27.9,73.8,2.6,
2021-04-05,1007.7,28.1,70.6,2.5,
2021-04-06,1007.4,27.5,73,2.2,
2021-04-07,1007.6,28.5,67.3,2.5,
2021-04-08,1008.1,28.9,67.6,3.6,
2021-04-09,1008.2,28.5,65.1,3.1,
2021-04-10,1006.8,28.7,68.7,2.7,
2021-04-11,1007.6,25.8,82.6,1,
2021-04-12,1008.7,27.1,77.9,1.6,
2021-04-13,1009.4,27.3,79.3,1.9,
2021-04-14,1008.5,27.7,78.6,1.9,
2021-04-15,1007.7,27.6,77.9,2,
2021-04-16,1007.8,27.2,74,2.4,
2021-04-17,1008,26.5,80.3,1.4,
2021-04-18,1008.2,26.6,79.4,2.1,
2021-04-19,1009,26.5,79.1,1.4,
2021-04-20,1008.8,26.7,77,1.1,
2021-04-21,1009,26.9,76.6,1,
2021-04-22,1009.1,27,78.6,1,
2021-04-23,1008.7,26.6,81.7,1.5,
2021-04-24,1008.1,26.5,84,1.5,
2021-04-25,1008,27.1,77.5,1.5,
2021-04-26,1007.5,27.1,77.1,1.9,
2021-04-27,1007.2,28,72.4,2.3,
2021-04-28,1007.2,27.9,74,2.1,
2021-04-29,1008.8,27.2,75.2,1.8,
2021-04-30,1008.9,27.2,76.3,1.9,
2021-05-01,1008.8,26.4,77.2,1.7,
2021-05-02,1009.3,26.6,80.6,1,
2021-05-03,1009,24.8,87.9,.7,
2021-05-04,1009.7,24.9,85.7,1.1,
2021-05-05,1010.3,24.6,88,1,
2021-05-06,1009.9,25.8,82.3,1.1,
2021-05-07,1011,26.2,81.3,1.9,
2021-05-08,1011.3,25.5,84.4,1.2,
2021-05-09,1010.3,27.1,77.2,1.6,
2021-05-10,1009.3,27.2,74.5,2.1,
2021-05-11,1008.8,26.9,76,2,
2021-05-12,1008.8,26.5,78.6,2.1,
2021-05-13,1009.1,24.7,90.4,1.2,
2021-05-14,1009.1,24.4,91,1.2,
2021-05-15,1009.4,26.3,79.3,1.8,
2021-05-16,1009.5,26.7,76.8,1.6,
2021-05-17,1009.6,26.8,76.6,1.5,
2021-05-18,1009.9,26.9,79.7,1.1,
2021-05-19,1009.8,26.6,80.2,1.8,
2021-05-20,1009.6,27.1,76.5,1.7,
2021-05-21,1009.5,27.4,74.9,1.9,
2021-05-22,1009.7,27.1,71.6,2.3,
2021-05-23,1009.2,27.4,72.3,2.1,
2021-05-24,1009.4,27.6,72.8,2.5,
2021-05-25,1010.4,27.5,68.5,2.5,
2021-05-26,1010,27.1,71.9,2.2,
2021-05-27,1008.7,27.1,69.4,2.5,
2021-05-28,1008.6,27.4,69.8,2.3,
2021-05-29,1008.8,27,75.4,1.7,
2021-05-30,1010,27.1,72.5,1.7,
2021-05-31,1009.6,26.8,76.6,1.8,
2021-06-01,1009,27.5,71.8,2.1,
2021-06-02,1009,27,75.1,1.7,
2021-06-03,1010.7,27.5,68.2,2.3,
2021-06-04,1010.5,26.9,70.4,2.3,
2021-06-05,1010.3,27.5,67.4,2.2,
2021-06-06,1008.6,27.3,72,1.8,
2021-06-07,1008,27.7,70.8,2,
2021-06-08,1008.5,27.6,75.4,2.1,
2021-06-09,1008.4,27.3,77.2,2.2,
2021-06-10,1008.8,27.6,70,2.3,
2021-06-11,1008.9,27.4,70.6,2.1,
2021-06-12,1009.5,27.1,74.1,1.5,
2021-06-13,1010.6,27.7,71.7,2.2,
2021-06-14,1011.2,27.2,73.8,2.4,
2021-06-15,1011,27,76.5,1.8,
2021-06-16,1010.4,26,81.6,1.1,
2021-06-17,1010.8,27.1,78.1,2.1,
2021-06-18,1011.9,26.8,79.8,2.2,
2021-06-19,1013,26.8,73.6,1.5,
2021-06-20,1012.1,27.7,69.2,2.3,
2021-06-21,1011.6,26.9,74,2.1,
2021-06-22,1011.3,26.9,74,2.3,
2021-06-23,1011.1,27.1,68.4,2.3,
2021-06-24,1010.8,26.2,71.3,1.8,
2021-06-25,1010.5,26.9,70.7,1.9,
2021-06-26,1009.3,26.8,71.6,1.6,
2021-06-27,1009.1,26.9,70,1.7,
2021-06-28,1010.1,27.2,70,2.1,
2021-06-29,1011.1,27.1,67.9,2.2,
2021-06-30,1011.4,26.5,76,2.1,
2021-07-01,1012,26.8,78,2.6,
2021-07-02,1013.1,26.1,77.6,2.1,
2021-07-03,1012.1,27.1,70.7,2.7,
2021-07-04,1012.4,26.3,72,2.6,
2021-07-05,1012.7,26.4,72.2,1.8,
2021-07-06,1011.6,26.4,75.8,1.4,
2021-07-07,1010.5,27.3,69.1,2.2,
2021-07-08,1010.6,26.5,72.6,2,
2021-07-09,1011.1,26.8,70.1,2.8,
2021-07-10,1010.8,26.9,71.9,2.5,
2021-07-11,1011.1,27,72.3,2.7,
2021-07-12,1010.8,27.3,69.9,2.6,
2021-07-13,1011.7,27.6,64.3,2.9,
2021-07-14,1010.9,27,68.8,2.4,
2021-07-15,1010.7,27.2,70.2,2.4,
2021-07-16,1010.8,27.3,69.9,2.3,
2021-07-17,1011.2,26.8,77,1.7,
2021-07-18,1011.3,27.5,72,2.2,
2021-07-19,1010.6,27.5,69.4,2.7,
2021-07-20,1011.3,26.9,73.7,2.7,
2021-07-21,1012.9,27.7,62.9,3.3,
2021-07-22,1014.2,27.4,65.7,3.5,
2021-07-23,1013,27,64.8,3,
2021-07-24,1011.4,27.1,63.8,2.3,
2021-07-25,1010.7,26.2,67.8,2.3,
2021-07-26,1010.9,26.9,66.2,3.1,
2021-07-27,1011.1,27.3,67,2.9,
2021-07-28,1010.7,27,73.2,2.3,
2021-07-29,1010.9,27.4,74,2.5,
2021-07-30,1011.9,27.4,71.3,2.7,
2021-07-31,1013,27.6,62.7,3.2,
2021-08-01,1013.9,27.5,64.2,2.9,
2021-08-02,1012.9,27.1,61.2,2.4,
2021-08-03,1012,26.9,69.6,2.6,
2021-08-04,1012.7,27.5,66.3,2.8,
2021-08-05,1013.5,27.8,62.7,2.8,
2021-08-06,1013.4,27.7,60.5,3.2,
2021-08-07,1012.1,27.8,60.3,3.3,
2021-08-08,1012,27.2,63,3,
2021-08-09,1012.5,28,65,3,
2021-08-10,1011.6,27.9,68.8,3.2,
2021-08-11,1010.7,27.9,66,3.4,
2021-08-12,1011,27.3,70.6,3.5,
2021-08-13,1011.8,27.1,68.5,3.1,
2021-08-14,1010.6,27.4,64.2,2.7,
2021-08-15,1009.9,27.4,67,2.7,
2021-08-16,1009.9,27.5,65,2.5,
2021-08-17,1011.3,27.4,65,2.7,
2021-08-18,1011.4,27.3,62,3.2,
2021-08-19,1009.9,27.2,63,3.2,
2021-08-20,1009.5,27.6,65.6,3.5,
2021-08-21,1010.4,27.6,60.1,3.3,
2021-08-22,1009.3,27.3,64.7,3.2,
2021-08-23,1008.1,27.6,67.7,2.9,
2021-08-24,1007.9,27.4,66.2,3.8,
2021-08-25,1007.8,27.4,65.7,3.7,
2021-08-26,1008.3,27.7,64,3.3,
2021-08-27,1009.6,27.9,61.4,3.8,
2021-08-28,1010.9,27.7,62,3.6,
2021-08-29,1010.5,27.9,64.5,3.8,
2021-08-30,1009.5,27.8,65.2,3.3,
2021-08-31,1009.8,27.6,62.2,3.7,
2021-09-01,1010,27.4,64.4,3.7,
2021-09-02,1010.1,27.4,60.4,3.2,
2021-09-03,1010.4,27.7,65.2,3.3,
2021-09-04,1010.6,27.9,66,3.7,
2021-09-05,1010.7,27.5,68.8,2.6,
2021-09-06,1010,27.4,68.2,3,
2021-09-07,1009.2,27.7,64.7,3.7,
2021-09-08,1010,27.7,66.6,3.4,
2021-09-09,1010.5,27.7,62.2,3.1,
2021-09-10,1011,27.3,68.2,2.6,
2021-09-11,1011.4,28,65.4,3.4,
2021-09-12,1011.9,27.7,61.8,3.5,
2021-09-13,1010.5,27.8,64.7,3.5,
2021-09-14,1009.9,28.2,63.6,3.2,
2021-09-15,1011.1,28.3,67.3,3.5,
2021-09-16,1012.1,28.2,68.5,3.8,
2021-09-17,1011.4,28.1,62.7,3.7,
2021-09-18,1009.6,28,62.6,3.6,
2021-09-19,1009.8,27.6,63.2,3.6,
2021-09-20,1009.9,27.6,65.5,3.2,
2021-09-21,1010.2,27.8,65.1,3,
2021-09-22,1009.2,28,69.6,2.6,
2021-09-23,1009.8,27.7,70.8,2.6,
2021-09-24,1011.1,28.1,66,3.3,
2021-09-25,1011.5,27.9,66.3,3.6,
2021-09-26,1011.6,28.1,64.9,3.4,
2021-09-27,1010.6,28.1,68.1,3.5,
2021-09-28,1009.4,28.4,66.8,3.2,
2021-09-29,1008.3,28.4,66.3,3.5,
2021-09-30,1008.3,28.1,68.6,2.9,
2021-10-01,1008.7,27.9,68.2,3,
2021-10-02,1008.6,28.4,64.5,3.5,
2021-10-03,1008.4,28.2,66.4,3.5,
2021-10-04,1008.7,28.1,62.8,3.5,
2021-10-05,1008.4,28.2,65.7,3,
2021-10-06,1008,28.3,67.1,3.2,
2021-10-07,1007.2,28.2,67.3,3.3,
2021-10-08,1007.5,27.7,72.9,3.4,
2021-10-09,1008.3,27.9,70.1,3.6,
2021-10-10,1009.3,28.2,66.1,3.4,
2021-10-11,1010,28.1,64.7,2.6,
2021-10-12,1009.4,28.1,64.5,3.6,
2021-10-13,1008.8,28.2,63.6,3.2,
2021-10-14,1008.3,null,70.7,3.1,
2021-10-15,null,null,62.9,null,
2021-10-16,null,null,57.3,null,
2021-10-17,1008.5,28.5,66.1,3.1,
2021-10-18,1008.9,null,66.6,3.5,
2021-10-19,1009.5,28.4,67.8,3.1,
2021-10-20,1009.9,28.5,68,2.7,
2021-10-21,null,null,60.7,null,
2021-10-22,1008,28.2,70.5,2.3,
2021-10-23,null,null,61,null,
2021-10-24,null,null,null,null,
2021-10-25,null,null,null,null,
2021-10-26,null,null,57.3,null,
2021-10-27,null,null,null,null,
2021-10-28,null,null,null,null,
2021-10-29,null,null,null,null,
2021-10-30,null,null,65,null,
2021-10-31,null,null,null,null,
2021-11-01,null,null,null,null,
2021-11-02,null,null,null,null,
2021-11-03,null,null,null,null,
2021-11-04,null,null,null,null,
2021-11-05,null,null,null,null,
2021-11-06,null,null,null,null,
2021-11-07,null,null,null,null,
2021-11-08,null,null,null,null,
2021-11-09,null,null,null,null,
2021-11-10,null,null,null,null,
2021-11-11,null,null,null,null,
2021-11-12,null,null,null,null,
2021-11-13,null,null,null,null,
2021-11-14,null,null,null,null,
2021-11-15,null,null,null,null,
2021-11-16,null,null,null,null,
2021-11-17,null,null,null,null,
2021-11-18,null,null,null,null,
2021-11-19,null,null,null,null,
2021-11-20,null,null,null,null,
2021-11-21,null,null,null,null,
2021-11-22,null,null,null,null,
2021-11-23,null,null,61.5,null,
2021-11-24,1008.2,28.9,68,3.2,
2021-11-25,1007.4,29,66.7,3.1,
2021-11-26,1007.5,28.9,67.5,3,
2021-11-27,1007.7,28.4,70.5,3,
2021-11-28,1007.9,28.7,68.5,2.9,
2021-11-29,1007.3,29,68,3.2,
2021-11-30,1007.6,28.9,67.3,2.9,
2021-12-01,1007.1,28.8,67.1,2.8,
2021-12-02,1006.4,28.7,67.4,2.7,
2021-12-03,1005.9,29.1,68.4,3.1,
2021-12-04,1007.8,29.2,66.7,3.2,
2021-12-05,1008.7,29.1,66.9,3.6,
2021-12-06,1008.1,27.5,75.7,2.8,
2021-12-07,1007.4,28.4,71.4,2.7,
2021-12-08,1007,28.8,67.3,3.3,
2021-12-09,1007.2,28.9,66.8,2.8,
2021-12-10,1006.7,28.9,65.5,3.4,
2021-12-11,1005.4,29,65.4,3.7,
2021-12-12,1005.6,29,65.6,3.7,
2021-12-13,1006.6,28.6,67.6,3.7,
2021-12-14,1007.3,28.7,68.3,3.6,
2021-12-15,1006.7,29,66.5,3.5,
2021-12-16,1006.7,29,66,3.9,
2021-12-17,1007.3,29,65.8,3.4,
2021-12-18,1007.3,29.1,65.8,3.8,
2021-12-19,1007.2,28.9,66,3.5,
2021-12-20,1006.8,28.6,66.8,3.2,
2021-12-21,1007.3,28.6,68.8,3.1,
2021-12-22,1007.8,28.8,67.2,3.4,
2021-12-23,1007.4,29.1,66.8,3.1,
2021-12-24,1006.6,28.7,68.4,2.5,
2021-12-25,1006.8,29,67.3,2.1,
2021-12-26,1008.6,27.8,77.2,1.5,
2021-12-27,1008.5,28.6,72.2,2.2,
2021-12-28,1008.6,28.9,68.4,3.2,
2021-12-29,1008.7,28.7,70.4,3,
2021-12-30,1007.4,28.1,72.5,2.8,
2021-12-31,1006.8,26.8,79.4,1.9,
2022-01-01,1007.6,27,79.8,1.6,
2022-01-02,1009,25.8,84.5,1,
2022-01-03,1008.4,27.1,78.6,1.9,
2022-01-04,1006.8,27.5,75.1,2.1,
2022-01-05,1007.5,26.5,79.6,2,
2022-01-06,1007.8,26.8,79.1,1.5,
2022-01-07,1007.9,27.6,74.1,2.2,
2022-01-08,1007.7,28,69,3.1,
2022-01-09,1008.3,27.9,70.9,1.9,
2022-01-10,1008.2,27.7,73.2,1.6,
2022-01-11,1008.6,26,81.7,1,
2022-01-12,1009,26.8,77.8,1.1,
2022-01-13,1010.5,27.3,74.9,1.1,
2022-01-14,1010.9,27.4,73.6,1.9,
2022-01-15,1010.4,25.6,84.9,1,
2022-01-16,1009.9,25.3,86.6,.6,
2022-01-17,1009,26.7,81.8,1.6,
2022-01-18,1009.3,27.9,73.4,2.2,
2022-01-19,1010.4,28.1,72.1,2,
2022-01-20,1009.6,27.9,74.8,1.8,
2022-01-21,1007.5,28.2,72.5,2.2,
2022-01-22,1007.6,27.1,76.6,1.5,
2022-01-23,1007.8,27.9,68.3,2.3,
2022-01-24,1008,27.5,71.7,1.7,
2022-01-25,1008.2,26.3,78.3,1,
2022-01-26,1007,26.9,77.3,2.4,
2022-01-27,1007.4,25.3,82.5,1,
2022-01-28,1008,23.9,87.3,.9,
2022-01-29,1008.3,25.3,80.4,1.2,
2022-01-30,1008.8,27,76.9,1.9,
2022-01-31,1007.9,28.1,71.7,3,
2022-02-01,1008.3,27.9,71.9,2.5,
2022-02-02,1008.8,28.1,74.2,2.4,
2022-02-03,1008.1,27.8,76.3,2.1,
2022-02-04,1007.9,27.1,79.6,1.9,
2022-02-05,1007.8,27.1,76.7,2,
2022-02-06,1008.2,27.6,72.5,1.6,
2022-02-07,1008.2,27.2,75.9,1.6,
2022-02-08,1007.2,27.9,72.9,2.2,
2022-02-09,1006.7,28.3,68.4,2.4,
2022-02-10,1007.1,27.6,72.3,1.6,
2022-02-11,1007.5,27.6,73.1,1.8,
2022-02-12,1007.6,27.9,71.3,1.9,
2022-02-13,1007.4,28.3,73.8,2.3,
2022-02-14,1007.4,28.1,72.7,2.3,
2022-02-15,1008.1,27.5,72.8,2.6,
2022-02-16,1008.9,27.4,75,1,
2022-02-17,1008.5,27.2,74.6,1.1,
2022-02-18,1006.9,27.3,74.2,1.5,
2022-02-19,1007.3,26.4,79,1.9,
2022-02-20,1008.8,26.3,80.2,1.3,
2022-02-21,1009.2,27.1,75.2,2.1,
2022-02-22,1008.6,28.3,68.6,2.7,
2022-02-23,1008,28.4,71.1,2.5,
2022-02-24,1007.5,28.2,72.9,2.7,
2022-02-25,1009,27.8,75.7,2.5,
2022-02-26,1008.8,27.8,73.8,2.1,
2022-02-27,1007.7,28.2,70.5,2.5,
2022-02-28,1007.5,28.1,71,2.6,
2022-03-01,1008.1,28.4,69.1,2.6,
2022-03-02,1008.1,28.4,71.8,2.6,
2022-03-03,1007.8,28.2,72.4,2.1,
2022-03-04,1007,28.1,73.5,1.8,
2022-03-05,1006.4,27.4,76.7,1.4,
2022-03-06,1006.2,25.8,83.9,1.5,
2022-03-07,1006.7,26.2,78.1,1.5,
2022-03-08,1006.7,27.3,76.6,1.8,
2022-03-09,1006.6,28.2,74.6,2.2,
2022-03-10,1006.6,27.8,76,1.9,
2022-03-11,1007.8,24.2,90.7,.6,
2022-03-12,1008.2,26.2,81.8,.8,
2022-03-13,1008.5,26.4,80.6,1.3,
2022-03-14,1007.2,26.8,80.5,1.2,
2022-03-15,1007.1,26.2,84.5,1.1,
2022-03-16,1008.4,25,88.9,.6,
2022-03-17,1008.5,25.9,83.7,1.3,
2022-03-18,1007.7,27,79.7,1.9,
2022-03-19,1007.8,27,79.8,1.7,
2022-03-20,1007.8,26.7,79.6,1.3,
2022-03-21,1006.9,27.2,78.4,1.7,
2022-03-22,1007.7,25.2,87.9,1.4,
2022-03-23,1008.4,25.1,88.3,.8,
2022-03-24,1008,26.8,80,1.2,
2022-03-25,1007.2,27,80.1,1.4,
2022-03-26,1007.2,25.5,85.6,1.2,
2022-03-27,1007.3,26.2,84.4,1.2,
2022-03-28,1008.2,24.8,92.5,.9,
2022-03-29,1007.2,24.7,92.8,.6,
2022-03-30,1006,26.5,82.5,1.3,
2022-03-31,1007.5,25.9,82,1.9,
2022-04-01,1009.1,25.6,85,.7,
2022-04-02,1009.9,24.4,87.6,1.3,
2022-04-03,1007.7,25.8,86,1.9,
2022-04-04,1007.8,25.6,87.8,1.3,
2022-04-05,1008,26.7,80.8,1.3,
2022-04-06,1008,26.1,83.8,1.5,
2022-04-07,1008.3,26,85.3,1.3,
2022-04-08,1008.9,25.5,87.7,1.4,
2022-04-09,1007.9,26.6,82,1.2,
2022-04-10,1007.2,26.4,85,.9,
2022-04-11,1007.5,25.1,90.6,.4,
2022-04-12,1007.3,27,80,1.5,
2022-04-13,1007.6,27.3,76.7,1,
2022-04-14,1007.1,27.4,77.7,.8,
2022-04-15,1006.9,27.4,76.6,1,
2022-04-16,1007.7,27.4,80.1,1,
2022-04-17,1007.4,27.4,79.6,1.1,
2022-04-18,1007.9,26.7,81.3,1.3,
2022-04-19,1008.1,26.4,82.7,1.3,
2022-04-20,1007.7,27.3,78,2,
2022-04-21,1007.3,27.6,78.5,1.9,
2022-04-22,1006.9,25.9,87.5,1.2,
2022-04-23,1008.5,24.6,93.3,.8,
2022-04-24,1008.9,26.2,82,1.6,
2022-04-25,1008.5,26.4,79.6,1.9,
2022-04-26,1007.3,27.4,75.5,2.2,
2022-04-27,1007.3,27.6,73.6,2,
2022-04-28,1008.2,27.5,77,1.6,
2022-04-29,1008.4,27,78.3,1.5,
2022-04-30,1008.5,26.7,78.8,2,
2022-05-01,1008.5,27.3,73,2.2,
2022-05-02,1008.7,27.1,79.3,2,
2022-05-03,1008.3,27.9,76.8,2.2,
2022-05-04,1009,27.4,76.3,1.9,
2022-05-05,1009.8,26,81.5,1.7,
2022-05-06,1010.3,25.5,85.3,1.7,
2022-05-07,1010,26.8,78.3,2,
2022-05-08,1009.1,26.2,80.8,1.3,
2022-05-09,1008.9,25.8,84.3,1.1,
2022-05-10,1009.6,25.6,85.6,.8,
2022-05-11,1009.4,25.3,87.3,1,
2022-05-12,1009.1,26,84.5,2,
2022-05-13,1009.5,25.8,87.8,1.4,
2022-05-14,1008.9,26.9,79.3,2.2,
2022-05-15,1008.7,27.3,78.4,2.1,
2022-05-16,1009.5,26.8,79.7,1.8,
2022-05-17,1009.1,27.2,79,1.7,
2022-05-18,1008.4,27,80.7,1.2,
2022-05-19,1008.5,27.4,77,1,
2022-05-20,1011,27.3,74.6,1.1,
2022-05-21,1012.7,26.3,80.9,1.4,
2022-05-22,1012.4,25.5,83,1.5,
2022-05-23,1011.2,25.9,75.7,1.5,
2022-05-24,1011.2,25.3,83.7,1.4,
2022-05-25,1011.7,25.9,75.5,1.8,
2022-05-26,1010.8,26,81.1,1.4,
2022-05-27,1010.5,25.7,81.2,2,
2022-05-28,1009.6,25,86.1,1.4,
2022-05-29,1009.2,25.6,70.4,1.6,
2022-05-30,1007.8,25.1,86.1,1.2,
2022-05-31,1007.4,26.4,75,1.6,
2022-06-01,1007.8,25.2,86.8,1.1,
2022-06-02,1008.6,24.5,null,1.2,
2022-06-03,1009.2,26.1,79.5,1.2,
2022-06-04,1009.5,25.6,83.6,.7,
2022-06-05,1009.6,25.3,81.8,1.5,
2022-06-06,1008.8,26.2,73.4,1.5,
2022-06-07,1009.3,25.3,81.6,1.7,
2022-06-08,1009.4,25.7,77.2,1.4,
2022-06-09,1009.7,25.7,78.2,1.8,
2022-06-10,1009.5,26.2,77,1.9,
2022-06-11,1009.6,26.1,79.2,1.6,
2022-06-12,1010.2,26.1,77,1.6,
2022-06-13,1010.9,26.5,74.4,2,
2022-06-14,1011.6,26.6,70,2.2,
2022-06-15,1011.1,26,73.8,2,
2022-06-16,1010.3,26,73.2,2,
2022-06-17,1009.5,25.8,73.1,1.9,
2022-06-18,1010.6,25.6,74.8,1.7,
2022-06-19,1010.6,26.2,76.8,2,
2022-06-20,1010.2,27,73.5,2.1,
2022-06-21,1009.9,25.2,78.3,2.2,
2022-06-22,1009.7,24.6,78.2,1.4,
2022-06-23,1010.1,25.3,78.6,1.8,
2022-06-24,1009.8,26,76.5,1.8,
2022-06-25,1009.3,25.9,70.3,2.1,
2022-06-26,1009,26.6,71,1.5,
2022-06-27,1009.1,26.8,72.7,1.9,
2022-06-28,1010.9,26,72.3,1.9,
2022-06-29,1011.5,25.9,81.2,1.5,
2022-06-30,1010.3,26.3,68.3,1.7,
2022-07-01,1010.1,26.2,76.3,1.4,
2022-07-02,1011.4,26.5,79.6,1.9,
2022-07-03,1012.5,25.8,73.4,2.5,
2022-07-04,1011.5,25.5,74,2.2,
2022-07-05,1010.6,24.9,79,1.9,
2022-07-06,1010.3,25.1,76.8,1.7,
2022-07-07,1011.9,25.2,78.9,2.6,
2022-07-08,1012.7,25.4,80.2,2.1,
2022-07-09,1011.9,25.6,74.1,2.7,
2022-07-10,1010.1,26.6,71,2.4,
2022-07-11,1009,26,72.7,1.8,
2022-07-12,1009.8,27.1,68,2.2,
2022-07-13,1010.9,26.7,73.9,2.4,
2022-07-14,1010.8,26.9,69.3,2.5,
2022-07-15,1010.2,26.3,72.5,1.7,
2022-07-16,1009.7,26.6,74.1,1.8,
2022-07-17,1011,27,72.3,3.1,
2022-07-18,1011.8,26.9,65.2,2.9,
2022-07-19,1010.8,26.9,69.5,2,
2022-07-20,1009.7,26,68,2.2,
2022-07-21,1009.7,24.6,79.2,1.6,
2022-07-22,1009.9,25.6,74.8,2.4,
2022-07-23,1009.3,26.7,67.5,2.4,
2022-07-24,1009.3,26.7,71.9,2.1,
2022-07-25,1010,26.8,62.9,2.6,
2022-07-26,1010.3,25.9,67.6,2.3,
2022-07-27,1010.8,26.2,71.5,2.2,
2022-07-28,1009.7,26.7,70,2.1,
2022-07-29,1010,27,70,2.2,
2022-07-30,1011.2,25.1,86.1,1.6,
2022-07-31,1011.3,26.1,73.1,1.8,
2022-08-01,1010.7,26.6,70.7,3,
2022-08-02,1009.8,26.7,70.3,2.2,
2022-08-03,1010,25.9,78.5,2.2,
2022-08-04,1009.9,25.7,76.4,1.6,
2022-08-05,1010,26.1,74.3,2.1,
2022-08-06,1009.6,27.1,67.9,2.7,
2022-08-07,1009.8,26.8,70.6,2.9,
2022-08-08,1010.3,26.7,66.1,3,
2022-08-09,1011.5,26.6,70.7,2.8,
2022-08-10,1011.8,25.9,74,1.9,
2022-08-11,1011.4,25.7,75.3,1.8,
2022-08-12,1012.4,26.6,74.1,2.4,
2022-08-13,1012.9,27.2,68.9,2.9,
2022-08-14,1012.1,26.5,64.2,1.9,
2022-08-15,1010.5,26,63.5,2.4,
2022-08-16,1010.4,25.9,64,2.7,
2022-08-17,1010.2,26.4,64.1,3,
2022-08-18,1010.1,26.9,65.6,2.8,
2022-08-19,1010.8,26.9,63.2,2.7,
2022-08-20,1010.5,26.6,64.3,2.9,
2022-08-21,1010.9,27,61.2,3,
2022-08-22,1010.9,26.9,64.7,2.9,
2022-08-23,1010.8,27.1,70.5,2.5,
2022-08-24,1011.5,26.8,71.6,2.3,
2022-08-25,1011.9,26.9,64.2,2.8,
2022-08-26,1011.7,26.5,60.5,2.8,
2022-08-27,1010.6,26.5,67,2.6,
2022-08-28,1010.6,27.1,65.1,3.1,
2022-08-29,1010.4,27.1,66.5,3.2,
2022-08-30,1010,27.7,61.4,3.1,
2022-08-31,1010.6,27.4,61.7,2.8,
2022-09-01,1010.1,26.9,65.6,3.2,
2022-09-02,1010.5,26.8,65.5,3.6,
2022-09-03,1011.4,26.8,68,3.3,
2022-09-04,1011.2,27.2,68.4,2.7,
2022-09-05,1011.9,27.6,66.3,3.5,
2022-09-06,1012.2,27.4,67,3.4,
2022-09-07,1011.8,27.6,57,3.3,
2022-09-08,1010.7,27.1,60,3,
2022-09-09,1011.3,27.1,65,3.1,
2022-09-10,1011.8,26.9,68.3,3,
2022-09-11,1011.2,26.6,67.9,3.2,
2022-09-12,1010.1,27.2,66.3,3.2,
2022-09-13,1009.8,27.2,68.2,3.3,
2022-09-14,1010.6,27.2,71.2,2.7,
2022-09-15,1011.1,27.1,67.2,3.1,
2022-09-16,1010.8,26.6,71.4,2.4,
2022-09-17,1010.1,26.8,69.1,2.6,
2022-09-18,1009.6,27.4,68.8,3.2,
2022-09-19,1009.2,27.5,67.5,3.3,
2022-09-20,1009.3,27.3,65.2,3.5,
2022-09-21,1009.4,27,69.7,3.3,
2022-09-22,1009.7,27.6,63.4,3.3,
2022-09-23,1009.5,27.4,68.5,2.6,
2022-09-24,1009.7,27.7,68.2,3.2,
2022-09-25,1010.2,27.6,65.2,3.1,
2022-09-26,1010.4,27.3,67.6,3.1,
2022-09-27,1010.4,27.4,66.4,3.3,
2022-09-28,1009.8,27.4,63.3,3.6,
2022-09-29,1009.6,27.5,64.5,3.2,
2022-09-30,1010.1,27.6,65.7,3.1,
2022-10-01,1010.4,27.6,65.4,3.6,
2022-10-02,1010.6,27.5,64.4,3.5,
2022-10-03,1010.7,27.3,64.2,3,
2022-10-04,1009.7,27.5,66.2,2.7,
2022-10-05,1009,27.6,66.5,3.3,
2022-10-06,1009.7,27.9,64.8,3.5,
2022-10-07,1009.3,27.6,69.5,2.3,
2022-10-08,1007.9,27.7,69.5,3.2,
2022-10-09,1008.7,27.7,69.7,3.4,
2022-10-10,1010.2,28.2,66.5,3.5,
2022-10-11,1010.2,28.3,61.3,3.6,
2022-10-12,1008.4,28.4,58.7,3,
2022-10-13,1009.2,28.3,65.1,3.5,
2022-10-14,1010.5,27.9,64.9,3.3,
2022-10-15,1009.9,27.7,65.8,3,
2022-10-16,1008.4,28.2,60.5,3.6,
2022-10-17,1008.4,27.7,66,4.2,
2022-10-18,1010.4,27.9,66,3.8,
2022-10-19,1010.6,27.8,67.6,3.3,
2022-10-20,1008.9,27.8,62.8,3.7,
2022-10-21,1007.8,27.8,62.9,3.8,
2022-10-22,1008.9,27,71,3.1,
2022-10-23,1010,27.7,68.5,3,
2022-10-24,1008.9,27.8,68.5,3.4,
2022-10-25,1008,27.8,66.9,3.5,
2022-10-26,1008.5,27.5,67.4,2.5,
2022-10-27,1009.2,27.9,67.1,2.9,
2022-10-28,1009,28.3,64.7,3.7,
2022-10-29,1007.4,28.1,65.5,3.6,
2022-10-30,1007.1,28,61.3,3.2,
2022-10-31,1008.1,27.8,65.7,2.6,
2022-11-01,1009.1,27.9,67.4,2.5,
2022-11-02,1008.9,27.4,70.5,2.1,
2022-11-03,1008.6,27.7,68.4,2.8,
2022-11-04,1008.8,27.4,73.1,1.9,
2022-11-05,1008.8,27.5,72.2,1.8,
2022-11-06,1009.1,27.5,72,2.5,
2022-11-07,1009.7,27.1,72.3,2.5,
2022-11-08,1010.3,27.7,66.3,2.7,
2022-11-09,1010.6,27.5,70.4,2.1,
2022-11-10,1009.4,28.1,65.7,3,
2022-11-11,1008.5,27.8,65.6,3.1,
2022-11-12,1007.8,27.9,64.6,2.6,
2022-11-13,1008.4,27.9,67.9,2.6,
2022-11-14,1009.6,27.5,71.5,2.7,
2022-11-15,1010.4,27.9,65.3,2.7,
2022-11-16,1008.7,27.4,69.3,2.4,
2022-11-17,1007.9,28,65,2.9,
2022-11-18,1008.4,28.1,64.8,2.8,
2022-11-19,1009.3,27.8,66.4,2.7,
2022-11-20,1008.3,27.9,67.5,2.9,
2022-11-21,1007.6,27.6,68.3,3.1,
2022-11-22,1007.4,27.8,64.8,3,
2022-11-23,1007.4,27.7,64,2.8,
2022-11-24,1007.3,27.5,68,2.3,
2022-11-25,1008.2,28.1,67.1,2.8,
2022-11-26,1008.9,27.7,70.3,2.1,
2022-11-27,1008.2,27.7,69.8,2.7,
2022-11-28,1005.9,28,67.2,2.5,
2022-11-29,1004.1,27.4,70.2,1.5,
2022-11-30,1005.2,27.4,70.3,2,
2022-12-01,1007,27.7,67.6,2.8,
2022-12-02,1007,28.3,61.9,3.8,
2022-12-03,1006.1,28.2,63.5,3.5,
2022-12-04,1006.2,27.6,66.3,3.1,
2022-12-05,1007.7,28,65.9,3.2,
2022-12-06,1009.8,27.9,64.5,3,
2022-12-07,1008.2,27.7,68.6,2.6,
2022-12-08,1007,28.3,67,2.9,
2022-12-09,1008.4,28.2,68.3,3,
2022-12-10,1009.1,27.9,70.3,2.6,
2022-12-11,1009,28.3,67.5,2.9,
2022-12-12,1008.5,28.1,67.4,2.8,
2022-12-13,1008.1,27.8,69.5,2.3,
2022-12-14,1007.9,28.4,67.8,2.9,
2022-12-15,1008.1,28.2,67,2.7,
2022-12-16,1007.1,28.2,65.2,2.7,
2022-12-17,1006.4,27.9,65.7,3.1,
2022-12-18,1007.6,28,64.7,2.8,
2022-12-19,1008.4,27.9,66.5,2.8,
2022-12-20,1008.4,27.9,67,2.6,
2022-12-21,1008,28.1,69.9,2.4,
2022-12-22,1007.4,28.5,68,2.8,
2022-12-23,1008.6,27.7,71.1,1.6,
2022-12-24,1009.2,26.8,75.3,1.4,
2022-12-25,1008.6,27,71.6,2.2,
2022-12-26,1008.1,27.5,67.6,2.5,
2022-12-27,1008.7,28.1,66.4,2.6,
2022-12-28,1009.2,28.6,65,3.3,
2022-12-29,1009.9,27.6,71.8,2.6,
2022-12-30,1009.2,27.7,70.6,2.8,
2022-12-31,1008.8,28.2,65,3.4,
2023-01-01,1008.3,28.3,68,3,
2023-01-02,1008.5,28,72.4,2.5,
2023-01-03,1008.6,28,72.5,2.9,
2023-01-04,1008.7,28.2,68.3,3,
2023-01-05,1009.3,28.2,67.3,2.6,
2023-01-06,1009.8,27.7,69.6,2.3,
2023-01-07,1010.3,28.1,66.3,2.7,
2023-01-08,1010.2,28.1,69.5,2.8,
2023-01-09,1010.2,28.4,67.6,3,
2023-01-10,1010.3,28.3,67.6,3.2,
2023-01-11,1010.1,28.6,66.6,3.2,
2023-01-12,1009,28.3,68.2,3.1,
2023-01-13,1008.1,28.3,66.5,2.9,
2023-01-14,1008,27,76.3,2.4,
2023-01-15,1008.6,27.2,74.8,2.1,
2023-01-16,1008.6,26.1,77,1.5,
2023-01-17,1008.5,27.1,74.1,2.3,
2023-01-18,1008.5,26.5,77.2,1.8,
2023-01-19,1009.7,24.9,85,.9,
2023-01-20,1010.1,25.4,76.5,.6,
2023-01-21,1009,26.9,75.6,1.6,
2023-01-22,1008.4,27.6,75.3,1.6,
2023-01-23,1008.6,27.7,71.9,1.4,
2023-01-24,1007.7,25.5,83.6,.6,
2023-01-25,1007.5,24.7,84.7,1.1,
2023-01-26,1007.3,26.4,75.3,1.5,
2023-01-27,1008.1,27,73.9,1.7,
2023-01-28,1008.8,28.1,69.3,2.2,
2023-01-29,1008.1,28,65.3,2.3,
2023-01-30,1007,26.9,75.2,1.7,
2023-01-31,1007.3,27.1,74.7,2.1,
2023-02-01,1008.3,26.5,80.2,2,
2023-02-02,1009.3,27.8,74.5,1.8,
2023-02-03,1010.2,28.2,68.2,2.7,
2023-02-04,1010.5,28,71.5,2.4,
2023-02-05,1009.9,27.8,74,2,
2023-02-06,1008.9,26.9,78.8,1.1,
2023-02-07,1008.2,26.1,77,1.6,
2023-02-08,1008,27.4,69.6,2.1,
2023-02-09,1008.4,26.6,79.4,1.2,
2023-02-10,1007.7,27.7,75.7,2.5,
2023-02-11,1007.4,28,69.1,2.7,
2023-02-12,1007.6,27.5,72.6,1.9,
2023-02-13,1007.1,27.5,77.3,2.1,
2023-02-14,1007.2,28.1,74.6,2.8,
2023-02-15,1007.1,26,85,1.2,
2023-02-16,1006.3,25,87.3,.5,
2023-02-17,1005.7,27,68.9,1.7,
2023-02-18,1007,27.6,73.9,2.1,
2023-02-19,1007.9,27.8,70.4,2,
2023-02-20,1007.8,26.2,80.1,1.6,
2023-02-21,1007.3,27.4,74.2,2.2,
2023-02-22,1008.8,28,73.2,2.4,
2023-02-23,1009.5,26.6,80.2,.9,
2023-02-24,1010,24.4,null,.7,
2023-02-25,1009.2,25.8,72.7,1,
2023-02-26,1009.8,26.3,77.8,1.6,
2023-02-27,1009.9,27.5,74.7,2.2,
2023-02-28,1010.4,28,71.1,2.6,
2023-03-01,1009.7,28.1,71,2.3,
2023-03-02,1008.4,28.3,71.3,2,
2023-03-03,1008.9,24.4,null,1.2,
2023-03-04,1008.1,26.9,70.2,1.6,
2023-03-05,1008.2,28.3,74.3,2.5,
2023-03-06,1007.8,28.2,73.4,2.7,
2023-03-07,1007.5,27.7,71.7,2.9,
2023-03-08,1007.4,28.2,68.3,2.7,
2023-03-09,1008.1,27.8,72.7,2.6,
2023-03-10,1008.8,28.5,67.5,2.7,
2023-03-11,1008,28,73.3,2,
2023-03-12,1007.9,27.6,76.8,1.7,
2023-03-13,1008,26.7,82.4,.7,
2023-03-14,1008.7,25.1,null,.3,
2023-03-15,1008,26.1,75.9,.7,
2023-03-16,1007.8,25.5,77.8,.9,
2023-03-17,1008.7,24.9,null,.5,
2023-03-18,1009.4,26.2,76.3,1.3,
2023-03-19,1009.9,25.2,80.3,1.6,
2023-03-20,1009.8,25.3,75.2,.9,
2023-03-21,1009.8,25.7,79.8,.9,
2023-03-22,1009.7,27.3,72.8,1.6,
2023-03-23,1008.8,26.5,69.2,2,
2023-03-24,1008.4,27.1,73.4,1.9,
2023-03-25,1008.6,26.7,73.6,1,
2023-03-26,1009.3,25.3,83.8,.5,
2023-03-27,1008.8,25.7,78.6,1.2,
2023-03-28,1008.9,25.4,82.4,1,
2023-03-29,1009.3,25.1,81.3,.7,
2023-03-30,1009.3,26.4,73.7,1.1,
2023-03-31,1009.2,26.2,73.6,1.2,
2023-04-01,1008.4,26.4,75.9,.9,
2023-04-02,1008.7,25.6,80.8,.8,
2023-04-03,1007.7,25.9,75.1,.8,
2023-04-04,1007.2,25.8,78.8,.9,
2023-04-05,1006.8,25.3,81.2,.9,
2023-04-06,1007.2,25.1,79.9,1,
2023-04-07,1007.5,25.4,84.9,.8,
2023-04-08,1008.1,25.4,82,.5,
2023-04-09,1008.8,24.8,83.6,.8,
2023-04-10,1009.6,25.4,81.8,.7,
2023-04-11,1009.2,25.3,79,1.2,
2023-04-12,1007.6,26.7,65.2,1.5,
2023-04-13,1006.8,26.7,77.6,2,
2023-04-14,1007.4,26,82.8,1.4,
2023-04-15,1007.9,26.8,79.5,2.2,
2023-04-16,1007.5,26.7,75.9,1.5,
2023-04-17,1005.6,26.5,75.9,1.2,
2023-04-18,1005.8,26.4,78.3,.8,
2023-04-19,1008.2,27.1,71.4,.7,
2023-04-20,1009.1,27.4,71.7,.9,
2023-04-21,1007.5,27.8,73.5,1.6,
2023-04-22,1006.1,27.5,71.6,2.3,
2023-04-23,1006.8,27,71.1,2,
2023-04-24,1008.2,27.5,71,1.7,
2023-04-25,1008.9,27.5,73.4,1.7,
2023-04-26,1008.2,28,73.4,2.6,
2023-04-27,1009.8,24.3,null,.6,
2023-04-28,1010.1,26.1,73.5,.8,
2023-04-29,1010.7,26.4,75.1,1.3,
2023-04-30,1009.4,27,74.1,1.3,
2023-05-01,1009.6,26,81.1,.9,
2023-05-02,1008.5,26.9,68.1,1.3,
2023-05-03,1009,26.8,71.5,1.5,
2023-05-04,1009.9,27.3,78.1,1.6,
2023-05-05,1010,27.4,73.6,1.8,
2023-05-06,1009,27.4,76,2.2,
2023-05-07,1008.4,28,71.5,1.9,
2023-05-08,1008.9,27.2,73.7,1.4,
2023-05-09,1009.2,27.2,72.8,1.6,
2023-05-10,1008.6,27.3,76.3,1.9,
2023-05-11,1008.1,28,72,1.7,
2023-05-12,1009.5,27.2,78.5,1.3,
2023-05-13,1010.6,28.4,72.5,1.4,
2023-05-14,1011.8,28,75.8,1.7,
2023-05-15,1011.3,27.7,74.5,1.9,
2023-05-16,1009.6,27.4,76,1.8,
2023-05-17,1009.3,27.5,75.1,1.8,
2023-05-18,1010,27.7,77,2,
2023-05-19,1010.2,27,77.8,1.4,
2023-05-20,1008.8,27.4,75.8,1.9,
2023-05-21,1007.9,27.2,76.7,1.7,
2023-05-22,1007.9,27.7,78.2,2,
2023-05-23,1008.1,27.2,77.4,2.2,
2023-05-24,1008.5,27.5,74,1.7,
2023-05-25,1008.6,27,74.3,1.8,
2023-05-26,1009.2,26.2,74.7,1.5,
2023-05-27,1009.4,27.5,74.3,1.8,
2023-05-28,1009.4,27.4,74.5,1.6,
2023-05-29,1009.6,27.1,78,1.4,
2023-05-30,1010.8,27.3,72.3,1.8,
2023-05-31,1011,27.8,70.5,1.5,
2023-06-01,1010.6,27.2,76.1,1.3,
2023-06-02,1009.2,27.4,76.6,1.7,
2023-06-03,1009.5,28,70,2.9,
2023-06-04,1010.7,27.4,70.6,1.9,
2023-06-05,1011.1,27.9,71.2,2.1,
2023-06-06,1010.6,27.3,77.1,1.9,
2023-06-07,1011,27.3,74.4,1.9,
2023-06-08,1011.5,27.9,73,2.5,
2023-06-09,1011.5,27.9,72.4,2.1,
2023-06-10,1011.5,26.8,73.3,2.1,
2023-06-11,1011,27.7,72.2,2.2,
2023-06-12,1011.1,27.4,72.6,2.5,
2023-06-13,1010.9,27.5,72.2,2,
2023-06-14,1010.3,27.2,71.1,1.9,
2023-06-15,1010.8,25.9,76.4,1.4,
2023-06-16,1010.4,26.6,76.9,1.5,
2023-06-17,1010.7,27.1,77.5,1.1,
2023-06-18,1011.1,27,74.5,1.8,
2023-06-19,1011.4,27.6,72.5,2,
2023-06-20,1011.9,27,74.1,1.8,
2023-06-21,1011.5,27.1,72.5,2,
2023-06-22,1011,27.1,68.7,2.6,
2023-06-23,1010.3,27.3,69.5,2.5,
2023-06-24,1010.5,26.6,75.5,1.7,
2023-06-25,1010.4,26.8,70,2.5,
2023-06-26,1010.8,26.7,68.9,2.6,
2023-06-27,1011,26.6,74,2.2,
2023-06-28,1010.5,26.5,73.2,1.7,
2023-06-29,1011.7,26.9,72,2.2,
2023-06-30,1011.3,26.9,73,2,
2023-07-01,1011.2,26.6,69.8,2.6,
2023-07-02,1010.3,26.8,73.5,1.8,
2023-07-03,1010.3,26.5,74.8,1.5,
2023-07-04,1010.9,27.7,70.9,2.5,
2023-07-05,1011.7,27.2,66.3,2.9,
2023-07-06,1011.1,27.2,68,2.5,
2023-07-07,1011,26.5,71.4,1.7,
2023-07-08,1010.4,26.9,76.7,1.8,
2023-07-09,1011.5,26.5,77.9,2.1,
2023-07-10,1012,26.8,71.8,2.4,
2023-07-11,1010.6,26.5,70.9,2.2,
2023-07-12,1008.4,27.2,68.8,2.3,
2023-07-13,1009.4,27.3,71.3,2.3,
2023-07-14,1010,27.1,72.5,2.2,
2023-07-15,1010.3,27.6,70.5,2.7,
2023-07-16,1011.2,27.3,73.3,2.9,
2023-07-17,1012.3,27.1,67.4,2.9,
2023-07-18,1013.4,27.3,66.4,2.5,
2023-07-19,1013.9,27.8,65.6,2.5,
2023-07-20,1014,26.6,65.3,2.4,
2023-07-21,1013.4,26.4,63.7,2.2,
2023-07-22,1013,26.6,68.2,2.1,
2023-07-23,1013.3,27.2,66.3,2.3,
2023-07-24,1012.6,27.7,63.9,2.4,
2023-07-25,1011.4,27.2,66.5,2.3,
2023-07-26,1011,27.3,66.3,2.5,
2023-07-27,1011.9,27.1,70.8,2.6,
2023-07-28,1012.2,27.5,70.5,2.5,
2023-07-29,1012.8,27.5,65.3,2.3,
2023-07-30,1013.1,27,73,2.1,
2023-07-31,1013.4,27.8,63.8,2.8,
2023-08-01,1013.5,27.4,65.8,2.9,
2023-08-02,1013.1,27.4,69.8,2.9,
2023-08-03,1011.9,27.4,69.2,2.7,
2023-08-04,1011.9,27.5,65.5,2.8,
2023-08-05,1013.3,27.3,66.7,2.7,
2023-08-06,1013.6,27.8,67,3.4,
2023-08-07,1013.6,27.6,66.4,3.9,
2023-08-08,1013.3,27.4,67.4,3.1,
2023-08-09,1012.6,27.4,68.5,3.1,
2023-08-10,1011.9,27.6,65.7,2.4,
2023-08-11,1011.3,27.1,68,2.6,
2023-08-12,1010.9,27.2,66.3,2.8,
2023-08-13,1009.6,27.6,67.1,2.9,
2023-08-14,1009.5,27.9,63.3,3.2,
2023-08-15,1009.8,27.4,60.9,3.1,
2023-08-16,1010.6,27.4,61,3.2,
2023-08-17,1010.4,27.2,62.4,3.2,
2023-08-18,1009.4,27.3,65.4,2.9,
2023-08-19,1009.2,25.9,80.8,2.6,
2023-08-20,1009.1,27,71.2,2.2,
2023-08-21,1008.6,26.8,75.9,3.1,
2023-08-22,1008.8,27.6,67.6,3.5,
2023-08-23,1009,27,69.5,2.2,
2023-08-24,1008.9,26.6,70.6,2.1,
2023-08-25,1009.3,27.4,69.9,2.6,
2023-08-26,1009.5,27.3,70.2,2,
2023-08-27,1010.6,27.9,72.2,1.8,
2023-08-28,1012,27.4,71.8,1.8,
2023-08-29,1012.3,27.2,73.2,2,
2023-08-30,1011,28.1,67.1,3.1,
2023-08-31,1011.5,27.9,61.8,2.7,
2023-09-01,1012.1,27.2,68.1,2.8,
2023-09-02,1011.4,26.8,70,2.3,
2023-09-03,1010.9,27.9,63.8,3.1,
2023-09-04,1011.3,28,62,3.5,
2023-09-05,1011.4,27.7,63.1,3,
2023-09-06,1011.3,27.8,61.3,3.8,
2023-09-07,1011.7,27.5,65.5,3.2,
2023-09-08,1011.1,27.4,66.3,3.7,
2023-09-09,1011.3,27.7,62.3,3,
2023-09-10,1011.8,27.5,65.1,3.9,
2023-09-11,1011,27.3,65.8,3.6,
2023-09-12,1010.8,27.6,63.9,3.4,
2023-09-13,1010.2,27.3,70.9,2.5,
2023-09-14,1009.7,28.1,63.6,3.1,
2023-09-15,1010.6,27.6,68.9,2.8,
2023-09-16,1011.1,27.8,66.3,3.1,
2023-09-17,1010.3,27.9,63.1,2.9,
2023-09-18,1009.7,28,63.3,3.1,
2023-09-19,1008.9,28.4,64.8,3.1,
2023-09-20,1008.7,28.5,68,3.3,
2023-09-21,1009,28.3,62.5,3.5,
2023-09-22,1009.4,28,63,3.3,
2023-09-23,1010,27.4,72.1,3.1,
2023-09-24,1009.9,28,67.6,3,
2023-09-25,1009.2,28.1,67.5,3.2,
2023-09-26,1009.2,27.9,64.7,3.3,
2023-09-27,1009.8,27.5,69.2,2.7,
2023-09-28,1009.4,27.3,69.2,2.1,
2023-09-29,1009.6,27.8,67.5,2.4,
2023-09-30,1009.2,28,63.4,3.3,
2023-10-01,1009.1,28.4,61.4,3.4,
2023-10-02,1008.8,27.6,70.1,2.1,
2023-10-03,1008.7,28.3,65.5,3.3,
2023-10-04,1008.6,27.9,61.5,3.6,
2023-10-05,1009.5,27.9,63.2,3.3,
2023-10-06,1009.8,28.2,65.3,3.1,
2023-10-07,1010.8,28.5,65.9,3.5,
2023-10-08,1011.1,28.3,66.6,3.3,
2023-10-09,1010.4,28.3,64.9,3.5,
2023-10-10,1010.4,28.1,63.1,3.5,
2023-10-11,1009.7,28,64.9,3.2,
2023-10-12,1009.5,28.4,65.8,3.3,
2023-10-13,1010.3,28.3,67.6,3.4,
2023-10-14,1010.5,27.9,68.2,3.2,
2023-10-15,1010.9,28.3,63.4,3.8,
2023-10-16,1009.8,28,62.3,4,
2023-10-17,1009,28,58.5,3.6,
2023-10-18,1009.8,27.7,64.3,2.8,
2023-10-19,1010,27.8,67,3,
2023-10-20,1009.5,27.6,70.4,3.1,
2023-10-21,1009.2,28.3,65.4,3.5,
2023-10-22,1009.7,28,68.2,3.2,
2023-10-23,1009.6,27.4,69.3,3,
2023-10-24,1009.3,27.6,68.6,2.7,
2023-10-25,1008.3,27.4,68.1,2.1,
2023-10-26,1007.1,27.9,66.8,2.3,
2023-10-27,1007.3,27.6,68.7,2.4,
2023-10-28,1007.3,28.4,63.9,3.8,
2023-10-29,1007.3,28.7,58.1,3.6,
2023-10-30,1007.6,28.3,62.8,3,
2023-10-31,1007,27.6,67.9,2,
2023-11-01,1007.8,27.9,71.2,2.1,
2023-11-02,1008,28.2,71.1,2.4,
2023-11-03,1008.5,28.4,70.3,2.7,
2023-11-04,1007.8,28.6,68.4,2.8,
2023-11-05,1007.3,28.5,67.1,2.7,
2023-11-06,1008.7,28.5,64,2.8,
2023-11-07,1009,28.5,64.9,3,
2023-11-08,1009.2,28.5,64.5,3.2,
2023-11-09,1009.6,28.8,58.7,4,
2023-11-10,1009.9,28.6,59.5,3.9,
2023-11-11,1009.2,28.4,59.6,3,
2023-11-12,1008.5,28,62.6,2.6,
2023-11-13,1008.2,27.9,68.7,2.5,
2023-11-14,1008.3,28.4,69.8,3,
2023-11-15,1008,28.8,65.5,3.3,
2023-11-16,1007.8,28.6,64,3.2,
2023-11-17,1008.4,28.3,67.3,2.6,
2023-11-18,1009,28.7,67.1,2.6,
2023-11-19,1009,28.7,68.7,2.7,
2023-11-20,1008.5,28.5,68.8,2.2,
2023-11-21,1007.8,28.5,68.6,2.8,
2023-11-22,1007.9,28.7,65.1,3.6,
2023-11-23,1009.4,28.6,64.7,3.5,
2023-11-24,1010.2,28.7,65,2.7,
2023-11-25,1008.9,28.6,65.9,2.6,
2023-11-26,1008.8,28.5,60.9,3,
2023-11-27,1009.4,28.6,65.9,2.6,
2023-11-28,1010.3,26.8,72,1.9,
2023-11-29,1008.8,27.8,70.4,2.1,
2023-11-30,1008.5,28.2,70,2.1,
2023-12-01,1008.7,28.6,68.5,2.2,
2023-12-02,1008.3,28.4,67.8,2.5,
2023-12-03,1008.2,28.4,67.4,2.2,
2023-12-04,1009.4,28.7,69.2,2.3,
2023-12-05,1009.1,28.7,71,2.6,
2023-12-06,1008.2,28.4,69.5,2.9,
2023-12-07,1008.4,28.5,68.3,3,
2023-12-08,1008.4,28.5,67.8,2.7,
2023-12-09,1007.8,28.5,66.6,2.9,
2023-12-10,1008.4,27.8,71.2,2.9,
2023-12-11,1008.1,28.2,67,2.6,
2023-12-12,1008.4,28.3,67.4,2.6,
2023-12-13,1007.1,28.6,66.3,3.4,
2023-12-14,1006.2,28.7,61.5,3.7,
2023-12-15,1006.5,28.7,67.3,3.3,
2023-12-16,1007.2,27.7,72.7,2.5,
2023-12-17,1006.6,28.5,71.5,2.6,
2023-12-18,1006.4,27.2,76.5,1.8,
2023-12-19,1007.2,27.4,78.9,1.2,
2023-12-20,1008,27.7,79.4,1.6,
2023-12-21,1007.9,27.9,73.9,2.2,
2023-12-22,1008.7,28.4,68.1,3.1,
2023-12-23,1008.7,28.5,64.9,2.6,
2023-12-24,1009.2,28.3,70.5,2.2,
2023-12-25,1009.4,28.4,69,2.6,
2023-12-26,1008.8,28.8,74,2.6,
2023-12-27,1008.8,29,71.4,2.9,
2023-12-28,1008.8,28.8,72.8,2.3,
2023-12-29,1009.1,29,69.3,2.5,
2023-12-30,1008.9,29,70,2.4,
2023-12-31,1008.6,28.6,72.1,1.6,

